       0         1         1  0.566034
       0         2         2  -0.940033
       0         3         3  1.397382
       0         4         4  1.073144
       0         5         5  -0.006030
       0         6         6  -0.715303
       0         7         7  -0.614488
       0         8         8  0.657424
       0         9         9  1.352149
       0        10        10  -1.197677
       0        11        11  0.009200
       0        12        12  -0.890782
       0        13        13  -0.788731
       0        14        14  0.571982
       1         1         1  -0.164723
       1         2         2  0.054535
       1         3         3  1.194263
       1         4         4  -0.424774
       1         5         5  -0.498276
       1         6         6  -0.066453
       1         7         7  0.673456
       1         8         8  -1.836325
       1         9         9  0.163102
       1        10        10  1.440078
       1        11        11  0.805731
       1        12        12  0.537173
       1        13        13  -1.105027
       1        14        14  -0.553986
       2         1         1  0.974948
       2         2         2  -0.668677
       2         3         3  -0.566529
       2         4         4  -0.974294
       2         5         5  -1.406958
       2         6         6  -1.399612
       2         7         7  -0.174894
       2         8         8  -0.267230
       2         9         9  -0.487415
       2        10        10  -0.810633
       2        11        11  0.330304
       2        12        12  -0.491608
       2        13        13  0.686176
       2        14        14  -0.995302
       3         1         1  2.206155
       3         2         2  1.887974
       3         3         3  1.007754
       3         4         4  0.359028
       3         5         5  0.573010
       3         6         6  -0.380518
       3         7         7  -1.301441
       3         8         8  -1.223820
       3         9         9  0.499784
       3        10        10  -0.257657
       3        11        11  1.844229
       3        12        12  1.479764
       3        13        13  -0.111270
       3        14        14  0.720180
       4         1         1  -0.956794
       4         2         2  -0.664111
       4         3         3  0.592395
       4         4         4  -0.797769
       4         5         5  0.536430
       4         6         6  0.640334
       4         7         7  -1.619359
       4         8         8  1.448877
       4         9         9  -0.493800
       4        10        10  -0.274317
       4        11        11  -1.067171
       4        12        12  2.009829
       4        13        13  -0.082224
       4        14        14  -0.990290
       5         1         1  1.070579
       5         2         2  2.389347
       5         3         3  0.635925
       5         4         4  1.494648
       5         5         5  -0.647217
       5         6         6  0.405588
       5         7         7  -0.185264
       5         8         8  0.681835
       5         9         9  -0.184919
       5        10        10  1.413396
       5        11        11  -1.713147
       5        12        12  -1.057002
       5        13        13  -0.641097
       5        14        14  -0.802823
       6         1         1  1.878625
       6         2         2  0.317796
       6         3         3  -0.428935
       6         4         4  2.518744
       6         5         5  2.775658
       6         6         6  -0.335356
       6         7         7  0.322038
       6         8         8  -1.702309
       6         9         9  1.174219
       6        10        10  -2.038303
       6        11        11  -1.552545
       6        12        12  0.606470
       6        13        13  -0.639359
       6        14        14  1.114842
       7         1         1  -0.209696
       7         2         2  -1.200853
       7         3         3  0.483250
       7         4         4  -0.535234
       7         5         5  -0.576719
       7         6         6  -0.941219
       7         7         7  0.346504
       7         8         8  0.202584
       7         9         9  1.464379
       7        10        10  0.212478
       7        11        11  -1.269863
       7        12        12  0.301216
       7        13        13  1.063214
       7        14        14  -1.746132
       8         1         1  0.588081
       8         2         2  0.825939
       8         3         3  0.856226
       8         4         4  -0.754058
       8         5         5  -0.201478
       8         6         6  -0.101292
       8         7         7  0.139344
       8         8         8  0.313667
       8         9         9  -0.766768
       8        10        10  -1.053973
       8        11        11  0.359853
       8        12        12  -2.139473
       8        13        13  -0.192252
       8        14        14  -1.502754
       9         1         1  -0.762061
       9         2         2  1.182265
       9         3         3  1.164212
       9         4         4  -3.198641
       9         5         5  -1.310937
       9         6         6  -1.028343
       9         7         7  -0.638175
       9         8         8  -0.847360
       9         9         9  0.263415
       9        10        10  1.513406
       9        11        11  0.165093
       9        12        12  -2.078413
       9        13        13  -1.214056
       9        14        14  -0.379408
      10         1         1  -1.436171
      10         2         2  2.009974
      10         3         3  0.760884
      10         4         4  1.349953
      10         5         5  0.420231
      10         6         6  -0.355619
      10         7         7  -0.951005
      10         8         8  -0.523169
      10         9         9  0.082195
      10        10        10  -1.641450
      10        11        11  0.501262
      10        12        12  -0.645709
      10        13        13  0.475593
      10        14        14  -0.359906
      11         1         1  -0.731130
      11         2         2  1.353944
      11         3         3  0.621980
      11         4         4  -0.711338
      11         5         5  -0.204588
      11         6         6  0.595829
      11         7         7  0.022632
      11         8         8  -0.883171
      11         9         9  0.195470
      11        10        10  0.163328
      11        11        11  -1.367854
      11        12        12  0.103612
      11        13        13  -0.621277
      11        14        14  0.158265
      12         1         1  0.512531
      12         2         2  0.500421
      12         3         3  -0.599151
      12         4         4  0.638039
      12         5         5  0.818885
      12         6         6  -1.806132
      12         7         7  -0.322950
      12         8         8  1.913893
      12         9         9  -1.022567
      12        10        10  -1.377065
      12        11        11  -0.558957
      12        12        12  -0.919669
      12        13        13  -0.284205
      12        14        14  -1.123300
      13         1         1  -1.920006
      13         2         2  0.385894
      13         3         3  1.177461
      13         4         4  -0.485120
      13         5         5  -0.931091
      13         6         6  -1.198087
      13         7         7  0.479004
      13         8         8  0.489114
      13         9         9  -0.059133
      13        10        10  1.280246
      13        11        11  1.457830
      13        12        12  -1.313753
      13        13        13  -0.264138
      13        14        14  -0.952143
      14         1         1  -0.531339
      14         2         2  -0.048816
      14         3         3  0.300876
      14         4         4  -1.531378
      14         5         5  1.143466
      14         6         6  2.658919
      14         7         7  0.961972
      14         8         8  0.753797
      14         9         9  0.708927
      14        10        10  0.744231
      14        11        11  -1.510301
      14        12        12  0.020606
      14        13        13  0.580087
      14        14        14  1.444368
      15         1         1  -0.393182
      15         2         2  0.868556
      15         3         3  -2.315579
      15         4         4  0.831172
      15         5         5  -0.983960
      15         6         6  -1.064454
      15         7         7  -0.655110
      15         8         8  -1.350371
      15         9         9  1.446969
      15        10        10  1.195957
      15        11        11  -0.144328
      15        12        12  0.133772
      15        13        13  0.048997
      15        14        14  0.175845
      16         1         1  1.530828
      16         2         2  0.915847
      16         3         3  -2.520617
      16         4         4  0.592449
      16         5         5  1.014489
      16         6         6  -1.324642
      16         7         7  -0.466533
      16         8         8  0.813252
      16         9         9  0.071271
      16        10        10  0.979179
      16        11        11  0.375799
      16        12        12  2.092947
      16        13        13  0.445518
      16        14        14  1.293290
      17         1         1  0.732397
      17         2         2  0.501356
      17         3         3  -0.055242
      17         4         4  -1.131715
      17         5         5  0.976872
      17         6         6  0.002801
      17         7         7  0.395627
      17         8         8  0.547448
      17         9         9  0.275778
      17        10        10  1.214303
      17        11        11  -0.546358
      17        12        12  0.167387
      17        13        13  0.316024
      17        14        14  0.338794
      18         1         1  -0.632371
      18         2         2  -1.559685
      18         3         3  -0.687816
      18         4         4  -0.777313
      18         5         5  1.977783
      18         6         6  1.429142
      18         7         7  -0.918970
      18         8         8  0.036592
      18         9         9  0.077674
      18        10        10  -0.516339
      18        11        11  0.980227
      18        12        12  -0.817672
      18        13        13  -0.239743
      18        14        14  0.054784
      19         1         1  -0.002791
      19         2         2  0.768277
      19         3         3  0.789243
      19         4         4  -0.186991
      19         5         5  -0.417678
      19         6         6  0.093110
      19         7         7  0.246516
      19         8         8  0.123828
      19         9         9  -0.327323
      19        10        10  0.590342
      19        11        11  0.091580
      19        12        12  -1.643196
      19        13        13  -0.280299
      19        14        14  0.742533
      20         1         1  1.275333
      20         2         2  0.001550
      20         3         3  0.350853
      20         4         4  -0.255696
      20         5         5  -1.285712
      20         6         6  0.067117
      20         7         7  -0.287837
      20         8         8  -0.766100
      20         9         9  -0.145872
      20        10        10  -1.502202
      20        11        11  1.039629
      20        12        12  0.666453
      20        13        13  -0.647355
      20        14        14  -1.208118
      21         1         1  -1.375443
      21         2         2  0.954385
      21         3         3  1.684080
      21         4         4  0.509521
      21         5         5  0.020222
      21         6         6  -0.097019
      21         7         7  -1.389184
      21         8         8  0.074399
      21         9         9  0.364797
      21        10        10  -0.076014
      21        11        11  -0.203326
      21        12        12  0.692380
      21        13        13  0.770575
      21        14        14  -1.198693
      22         1         1  -0.440827
      22         2         2  -0.614396
      22         3         3  0.876521
      22         4         4  1.126423
      22         5         5  -0.569996
      22         6         6  -1.378658
      22         7         7  1.297428
      22         8         8  0.574874
      22         9         9  -1.093747
      22        10        10  1.695267
      22        11        11  0.904451
      22        12        12  0.661578
      22        13        13  1.652039
      22        14        14  -1.364387
      23         1         1  1.374127
      23         2         2  0.562598
      23         3         3  -1.408689
      23         4         4  -0.728379
      23         5         5  0.863365
      23         6         6  -0.196283
      23         7         7  -0.266196
      23         8         8  1.083746
      23         9         9  -0.356962
      23        10        10  0.876697
      23        11        11  -0.173003
      23        12        12  -1.598213
      23        13        13  0.715859
      23        14        14  -0.496015
      24         1         1  -1.380200
      24         2         2  -0.423063
      24         3         3  1.104605
      24         4         4  -0.013767
      24         5         5  0.594184
      24         6         6  0.335570
      24         7         7  0.100939
      24         8         8  1.944551
      24         9         9  -0.707284
      24        10        10  -0.062014
      24        11        11  0.072321
      24        12        12  0.219506
      24        13        13  -1.282916
      24        14        14  -0.510199
      25         1         1  -1.911420
      25         2         2  0.677872
      25         3         3  0.081406
      25         4         4  0.876304
      25         5         5  0.625646
      25         6         6  -0.018480
      25         7         7  -0.127418
      25         8         8  -0.172055
      25         9         9  1.175708
      25        10        10  -1.753872
      25        11        11  1.064206
      25        12        12  0.128327
      25        13        13  0.400283
      25        14        14  -0.334389
      26         1         1  -0.276397
      26         2         2  -1.654734
      26         3         3  -0.172952
      26         4         4  0.942189
      26         5         5  -1.161915
      26         6         6  0.175933
      26         7         7  -1.520273
      26         8         8  -0.714727
      26         9         9  0.609367
      26        10        10  -0.315411
      26        11        11  -0.954950
      26        12        12  -3.209501
      26        13        13  -0.155101
      26        14        14  0.412773
      27         1         1  0.952747
      27         2         2  0.591728
      27         3         3  -0.147581
      27         4         4  -0.721847
      27         5         5  -2.179020
      27         6         6  -0.391460
      27         7         7  1.492229
      27         8         8  -0.847825
      27         9         9  -1.580623
      27        10        10  2.118002
      27        11        11  0.259392
      27        12        12  0.537050
      27        13        13  0.587597
      27        14        14  -1.098665
      28         1         1  0.104847
      28         2         2  0.542137
      28         3         3  -1.405441
      28         4         4  0.116216
      28         5         5  0.774352
      28         6         6  0.000973
      28         7         7  -0.232931
      28         8         8  0.452164
      28         9         9  0.882228
      28        10        10  0.169398
      28        11        11  1.080657
      28        12        12  0.071821
      28        13        13  -0.748728
      28        14        14  -1.870559
      29         1         1  -0.842606
      29         2         2  -0.189523
      29         3         3  -1.933464
      29         4         4  -0.359023
      29         5         5  -0.295586
      29         6         6  -0.156964
      29         7         7  -0.843680
      29         8         8  1.454063
      29         9         9  1.578342
      29        10        10  0.902536
      29        11        11  1.155908
      29        12        12  -0.739559
      29        13        13  -1.198526
      29        14        14  -1.762462
      30         1         1  0.379838
      30         2         2  0.326554
      30         3         3  0.605641
      30         4         4  -0.594674
      30         5         5  0.487518
      30         6         6  0.869608
      30         7         7  -1.575502
      30         8         8  -0.797622
      30         9         9  1.859974
      30        10        10  0.566115
      30        11        11  0.639147
      30        12        12  -0.820558
      30        13        13  0.175975
      30        14        14  -0.173193
      31         1         1  0.841226
      31         2         2  0.453485
      31         3         3  0.541705
      31         4         4  -0.396679
      31         5         5  0.024501
      31         6         6  -0.363054
      31         7         7  -0.336420
      31         8         8  0.365614
      31         9         9  1.638868
      31        10        10  -1.030007
      31        11        11  -0.244094
      31        12        12  0.341148
      31        13        13  -0.370557
      31        14        14  0.223345
      32         1         1  0.064704
      32         2         2  -1.427737
      32         3         3  0.494949
      32         4         4  0.122490
      32         5         5  0.947766
      32         6         6  1.019800
      32         7         7  0.842683
      32         8         8  0.033301
      32         9         9  0.954078
      32        10        10  0.697641
      32        11        11  2.036992
      32        12        12  0.906144
      32        13        13  0.427171
      32        14        14  0.336496
      33         1         1  0.615955
      33         2         2  0.464296
      33         3         3  -0.068649
      33         4         4  -1.196446
      33         5         5  0.378640
      33         6         6  1.142993
      33         7         7  -0.841745
      33         8         8  0.827246
      33         9         9  3.311166
      33        10        10  0.756368
      33        11        11  -0.207451
      33        12        12  -0.203947
      33        13        13  0.846630
      33        14        14  -1.891205
      34         1         1  2.793502
      34         2         2  0.345765
      34         3         3  0.747214
      34         4         4  0.001738
      34         5         5  -0.832573
      34         6         6  0.216753
      34         7         7  0.482695
      34         8         8  -1.566328
      34         9         9  1.306842
      34        10        10  -0.003572
      34        11        11  0.799740
      34        12        12  -0.413750
      34        13        13  -0.483733
      34        14        14  -0.275787
      35         1         1  -0.631294
      35         2         2  0.002304
      35         3         3  2.432908
      35         4         4  0.074785
      35         5         5  0.405881
      35         6         6  0.887858
      35         7         7  -0.006087
      35         8         8  -0.048207
      35         9         9  -1.208404
      35        10        10  1.088185
      35        11        11  -1.129904
      35        12        12  -0.735786
      35        13        13  2.647661
      35        14        14  1.279883
      36         1         1  -0.126602
      36         2         2  1.190367
      36         3         3  1.139216
      36         4         4  0.100032
      36         5         5  0.112635
      36         6         6  -2.579219
      36         7         7  -1.281623
      36         8         8  -0.758015
      36         9         9  0.281410
      36        10        10  1.032644
      36        11        11  -0.901526
      36        12        12  0.662735
      36        13        13  0.314331
      36        14        14  -0.792403
      37         1         1  0.744574
      37         2         2  -0.233520
      37         3         3  -1.215116
      37         4         4  1.022371
      37         5         5  0.292184
      37         6         6  -0.962989
      37         7         7  -0.209671
      37         8         8  1.055873
      37         9         9  0.719270
      37        10        10  -0.166832
      37        11        11  0.215791
      37        12        12  0.664081
      37        13        13  -0.435861
      37        14        14  -0.520372
      38         1         1  -0.733669
      38         2         2  -0.097116
      38         3         3  0.890435
      38         4         4  -0.045110
      38         5         5  -0.290996
      38         6         6  -0.142834
      38         7         7  0.396050
      38         8         8  0.025025
      38         9         9  0.475674
      38        10        10  -0.045086
      38        11        11  -0.301926
      38        12        12  0.844427
      38        13        13  -0.840165
      38        14        14  0.041574
      39         1         1  -0.873733
      39         2         2  1.319409
      39         3         3  -0.692392
      39         4         4  0.025493
      39         5         5  0.986851
      39         6         6  0.948385
      39         7         7  0.071835
      39         8         8  -2.698253
      39         9         9  0.290882
      39        10        10  1.007554
      39        11        11  -0.470788
      39        12        12  0.084641
      39        13        13  -0.202821
      39        14        14  -1.224637
      40         1         1  0.233526
      40         2         2  -1.211378
      40         3         3  -1.791059
      40         4         4  0.391818
      40         5         5  -1.704726
      40         6         6  0.043172
      40         7         7  1.499638
      40         8         8  -0.879737
      40         9         9  1.635372
      40        10        10  -0.821093
      40        11        11  -0.195100
      40        12        12  0.054288
      40        13        13  0.464863
      40        14        14  0.031906
      41         1         1  1.257081
      41         2         2  0.612010
      41         3         3  0.522427
      41         4         4  1.194494
      41         5         5  -0.573958
      41         6         6  -1.475016
      41         7         7  -0.030589
      41         8         8  0.674530
      41         9         9  -0.770729
      41        10        10  -1.123188
      41        11        11  -0.068555
      41        12        12  -0.194907
      41        13        13  0.598542
      41        14        14  1.363798
      42         1         1  0.015620
      42         2         2  -1.323610
      42         3         3  1.181980
      42         4         4  -0.345065
      42         5         5  -0.181658
      42         6         6  -0.792047
      42         7         7  0.136209
      42         8         8  -0.911707
      42         9         9  -0.761430
      42        10        10  1.527057
      42        11        11  -0.707985
      42        12        12  -0.389224
      42        13        13  2.201910
      42        14        14  -1.181486
      43         1         1  1.241437
      43         2         2  0.558288
      43         3         3  3.001705
      43         4         4  -0.372135
      43         5         5  0.054794
      43         6         6  1.197141
      43         7         7  -0.246058
      43         8         8  -0.451872
      43         9         9  0.530467
      43        10        10  0.204776
      43        11        11  -0.741223
      43        12        12  -0.376408
      43        13        13  1.841975
      43        14        14  1.041617
      44         1         1  1.804257
      44         2         2  -0.682480
      44         3         3  -0.352668
      44         4         4  -0.610767
      44         5         5  -0.617252
      44         6         6  -0.599520
      44         7         7  -0.522964
      44         8         8  0.163927
      44         9         9  -1.222069
      44        10        10  -0.120350
      44        11        11  -1.014641
      44        12        12  -0.398624
      44        13        13  0.074714
      44        14        14  -0.703459
      45         1         1  -0.435414
      45         2         2  -1.181054
      45         3         3  0.535379
      45         4         4  0.736924
      45         5         5  -1.463730
      45         6         6  -0.994383
      45         7         7  1.211825
      45         8         8  0.642630
      45         9         9  -0.484432
      45        10        10  1.368567
      45        11        11  -0.315589
      45        12        12  0.949456
      45        13        13  0.417440
      45        14        14  0.465222
      46         1         1  0.040151
      46         2         2  -1.679341
      46         3         3  -0.061094
      46         4         4  0.721276
      46         5         5  -0.388152
      46         6         6  -0.386055
      46         7         7  0.364794
      46         8         8  1.092479
      46         9         9  -0.290261
      46        10        10  -0.578312
      46        11        11  0.074608
      46        12        12  1.193524
      46        13        13  -0.713472
      46        14        14  0.510601
      47         1         1  -1.564980
      47         2         2  -0.204388
      47         3         3  0.333487
      47         4         4  -0.241575
      47         5         5  -0.091484
      47         6         6  0.644482
      47         7         7  -0.759200
      47         8         8  -0.643596
      47         9         9  -2.611821
      47        10        10  -0.906046
      47        11        11  1.348943
      47        12        12  0.598026
      47        13        13  -0.379706
      47        14        14  -0.277922
      48         1         1  0.611736
      48         2         2  -2.214001
      48         3         3  0.060926
      48         4         4  -1.008579
      48         5         5  -0.942421
      48         6         6  0.143809
      48         7         7  1.373437
      48         8         8  2.000254
      48         9         9  0.858429
      48        10        10  1.688566
      48        11        11  -0.725177
      48        12        12  0.009841
      48        13        13  1.264174
      48        14        14  -1.116358
      49         1         1  0.492740
      49         2         2  -0.129707
      49         3         3  -1.476557
      49         4         4  1.958916
      49         5         5  -1.355574
      49         6         6  -0.478354
      49         7         7  -0.163458
      49         8         8  0.857104
      49         9         9  -0.583602
      49        10        10  0.392283
      49        11        11  1.586205
      49        12        12  0.489237
      49        13        13  -2.167375
      49        14        14  0.482491
      50         1         1  -0.153406
      50         2         2  -0.781662
      50         3         3  1.319883
      50         4         4  -0.730923
      50         5         5  -0.315476
      50         6         6  -2.380197
      50         7         7  -0.657572
      50         8         8  0.336360
      50         9         9  -0.246973
      50        10        10  -0.534554
      50        11        11  1.075863
      50        12        12  -0.112287
      50        13        13  -0.111088
      50        14        14  0.423842
      51         1         1  -0.492243
      51         2         2  -0.304880
      51         3         3  1.760798
      51         4         4  -0.070566
      51         5         5  0.441837
      51         6         6  0.603119
      51         7         7  0.036183
      51         8         8  0.824511
      51         9         9  -1.383498
      51        10        10  1.225090
      51        11        11  0.963818
      51        12        12  0.282014
      51        13        13  0.895839
      51        14        14  0.140029
      52         1         1  -0.449352
      52         2         2  0.234135
      52         3         3  -0.871380
      52         4         4  1.528007
      52         5         5  -1.204551
      52         6         6  -0.289530
      52         7         7  -0.062664
      52         8         8  0.026463
      52         9         9  0.060426
      52        10        10  1.421420
      52        11        11  -0.240692
      52        12        12  -1.658111
      52        13        13  0.500636
      52        14        14  -0.221820
      53         1         1  0.878998
      53         2         2  0.942873
      53         3         3  1.334735
      53         4         4  0.997532
      53         5         5  1.074958
      53         6         6  -2.144725
      53         7         7  0.334783
      53         8         8  -1.297935
      53         9         9  1.729439
      53        10        10  0.661477
      53        11        11  -0.279439
      53        12        12  2.087172
      53        13        13  1.311379
      53        14        14  -0.325506
      54         1         1  0.504421
      54         2         2  -0.456110
      54         3         3  1.353948
      54         4         4  1.529780
      54         5         5  0.095150
      54         6         6  0.886400
      54         7         7  0.786178
      54         8         8  0.123970
      54         9         9  0.500028
      54        10        10  1.432994
      54        11        11  -0.853157
      54        12        12  -0.915317
      54        13        13  0.268587
      54        14        14  -1.803903
      55         1         1  0.244181
      55         2         2  1.210233
      55         3         3  0.755854
      55         4         4  -0.293775
      55         5         5  -0.388695
      55         6         6  0.077452
      55         7         7  -1.162556
      55         8         8  -1.057552
      55         9         9  -0.249837
      55        10        10  -0.209535
      55        11        11  -1.097305
      55        12        12  1.712059
      55        13        13  0.518427
      55        14        14  -0.011055
      56         1         1  -0.490651
      56         2         2  1.046080
      56         3         3  0.309274
      56         4         4  -0.208298
      56         5         5  -0.236698
      56         6         6  0.808449
      56         7         7  0.669551
      56         8         8  0.995411
      56         9         9  -1.441551
      56        10        10  -1.749758
      56        11        11  -0.595282
      56        12        12  -1.150411
      56        13        13  -1.297947
      56        14        14  -0.313734
      57         1         1  0.341263
      57         2         2  -0.023258
      57         3         3  0.348088
      57         4         4  -0.111128
      57         5         5  0.689884
      57         6         6  0.681670
      57         7         7  -0.568354
      57         8         8  -0.281391
      57         9         9  -0.549264
      57        10        10  -1.585219
      57        11        11  0.365086
      57        12        12  -0.861753
      57        13        13  0.215625
      57        14        14  -0.807769
      58         1         1  -0.133303
      58         2         2  0.263271
      58         3         3  -0.203963
      58         4         4  0.800837
      58         5         5  -1.182745
      58         6         6  -0.405496
      58         7         7  -1.057682
      58         8         8  -0.408227
      58         9         9  0.058130
      58        10        10  0.045783
      58        11        11  0.607944
      58        12        12  0.125849
      58        13        13  1.779323
      58        14        14  0.930384
      59         1         1  -0.094383
      59         2         2  0.861517
      59         3         3  -2.033224
      59         4         4  -0.478816
      59         5         5  1.767130
      59         6         6  -0.476464
      59         7         7  -0.475665
      59         8         8  -1.810693
      59         9         9  -0.371459
      59        10        10  -0.570433
      59        11        11  -0.344378
      59        12        12  -0.467696
      59        13        13  -0.782628
      59        14        14  -0.485680
      60         1         1  0.406427
      60         2         2  -0.737555
      60         3         3  0.689759
      60         4         4  1.208710
      60         5         5  0.442891
      60         6         6  1.695275
      60         7         7  -1.668156
      60         8         8  0.674065
      60         9         9  -1.084621
      60        10        10  -0.594580
      60        11        11  0.767689
      60        12        12  -0.029976
      60        13        13  1.709282
      60        14        14  0.720585
      61         1         1  0.776253
      61         2         2  -1.414996
      61         3         3  0.603870
      61         4         4  -0.749756
      61         5         5  0.420508
      61         6         6  -1.255067
      61         7         7  0.813494
      61         8         8  -0.872678
      61         9         9  1.503750
      61        10        10  0.127675
      61        11        11  2.847486
      61        12        12  -1.027786
      61        13        13  1.864029
      61        14        14  0.296788
      62         1         1  -2.149333
      62         2         2  0.648682
      62         3         3  0.463686
      62         4         4  1.072127
      62         5         5  0.446471
      62         6         6  0.612837
      62         7         7  -1.351021
      62         8         8  -0.083886
      62         9         9  0.060577
      62        10        10  1.191841
      62        11        11  1.341095
      62        12        12  0.382249
      62        13        13  2.761564
      62        14        14  0.655026
      63         1         1  -1.418704
      63         2         2  0.212184
      63         3         3  0.511423
      63         4         4  0.614054
      63         5         5  -0.619229
      63         6         6  -2.784972
      63         7         7  0.066951
      63         8         8  0.948160
      63         9         9  -0.810069
      63        10        10  -0.215758
      63        11        11  -0.207268
      63        12        12  0.452679
      63        13        13  -1.086622
      63        14        14  -0.326926
      64         1         1  -0.459430
      64         2         2  -0.549408
      64         3         3  -0.110471
      64         4         4  0.707067
      64         5         5  2.735467
      64         6         6  1.681046
      64         7         7  1.229270
      64         8         8  -0.645549
      64         9         9  0.317790
      64        10        10  1.119765
      64        11        11  0.797482
      64        12        12  -0.888864
      64        13        13  0.421602
      64        14        14  -0.522165
      65         1         1  0.548244
      65         2         2  -1.908018
      65         3         3  0.490740
      65         4         4  -1.604795
      65         5         5  -0.993049
      65         6         6  0.045495
      65         7         7  1.192801
      65         8         8  -1.349508
      65         9         9  0.108920
      65        10        10  0.005741
      65        11        11  -0.513843
      65        12        12  2.043232
      65        13        13  0.516550
      65        14        14  0.777763
      66         1         1  -1.136608
      66         2         2  -0.879494
      66         3         3  -1.405450
      66         4         4  0.265026
      66         5         5  1.543657
      66         6         6  0.975415
      66         7         7  -1.321188
      66         8         8  -0.599566
      66         9         9  -0.365489
      66        10        10  0.183870
      66        11        11  -1.066323
      66        12        12  -1.770610
      66        13        13  0.872388
      66        14        14  -0.578590
      67         1         1  0.219592
      67         2         2  -0.235451
      67         3         3  -0.164843
      67         4         4  0.895317
      67         5         5  -1.793638
      67         6         6  -0.865165
      67         7         7  0.848405
      67         8         8  0.856925
      67         9         9  0.365922
      67        10        10  -0.205418
      67        11        11  0.999495
      67        12        12  -0.387415
      67        13        13  0.013994
      67        14        14  0.148298
      68         1         1  -0.295129
      68         2         2  0.297815
      68         3         3  0.664737
      68         4         4  0.865136
      68         5         5  0.342762
      68         6         6  0.742588
      68         7         7  0.358464
      68         8         8  0.150160
      68         9         9  -1.106039
      68        10        10  0.872370
      68        11        11  -1.679802
      68        12        12  0.190338
      68        13        13  0.981931
      68        14        14  2.702910
      69         1         1  0.783403
      69         2         2  0.169495
      69         3         3  -2.375351
      69         4         4  -0.074053
      69         5         5  0.195644
      69         6         6  -2.082620
      69         7         7  -0.871201
      69         8         8  -1.091484
      69         9         9  -0.885645
      69        10        10  0.650058
      69        11        11  -0.609562
      69        12        12  0.064904
      69        13        13  -0.793194
      69        14        14  1.026618
      70         1         1  0.955258
      70         2         2  -1.715616
      70         3         3  -0.739831
      70         4         4  -0.626247
      70         5         5  -1.423260
      70         6         6  -0.257501
      70         7         7  -1.857797
      70         8         8  -1.373556
      70         9         9  0.024294
      70        10        10  0.448172
      70        11        11  0.541082
      70        12        12  -2.252685
      70        13        13  -0.558274
      70        14        14  -1.493328
      71         1         1  1.233403
      71         2         2  -1.345364
      71         3         3  0.591473
      71         4         4  0.711016
      71         5         5  0.216879
      71         6         6  -1.311381
      71         7         7  1.237459
      71         8         8  1.803616
      71         9         9  -1.631490
      71        10        10  -0.012536
      71        11        11  -1.228673
      71        12        12  1.060862
      71        13        13  -0.529974
      71        14        14  0.115606
      72         1         1  -1.029625
      72         2         2  -0.425144
      72         3         3  -0.904495
      72         4         4  -1.350126
      72         5         5  -0.315735
      72         6         6  0.721453
      72         7         7  -0.915953
      72         8         8  -0.208875
      72         9         9  0.828778
      72        10        10  -0.116162
      72        11        11  -0.573716
      72        12        12  -0.919230
      72        13        13  -0.409122
      72        14        14  0.492849
      73         1         1  -0.379162
      73         2         2  -0.099952
      73         3         3  0.580261
      73         4         4  -0.449400
      73         5         5  -0.185972
      73         6         6  -0.854315
      73         7         7  -0.443966
      73         8         8  -0.776314
      73         9         9  -0.570135
      73        10        10  -0.142429
      73        11        11  -0.027844
      73        12        12  -0.380458
      73        13        13  0.474159
      73        14        14  1.183281
      74         1         1  0.024153
      74         2         2  -0.537872
      74         3         3  1.024215
      74         4         4  0.828479
      74         5         5  -0.186136
      74         6         6  -0.453219
      74         7         7  -0.788422
      74         8         8  -0.546077
      74         9         9  -0.161212
      74        10        10  -0.700188
      74        11        11  -0.315334
      74        12        12  0.907264
      74        13        13  -0.030180
      74        14        14  0.004946
      75         1         1  -0.575290
      75         2         2  0.660716
      75         3         3  -2.541324
      75         4         4  -1.372594
      75         5         5  0.945940
      75         6         6  0.059239
      75         7         7  -0.229316
      75         8         8  0.440753
      75         9         9  -0.268144
      75        10        10  -0.360584
      75        11        11  -0.970355
      75        12        12  0.554268
      75        13        13  0.198500
      75        14        14  -0.333883
      76         1         1  -0.252982
      76         2         2  -0.508184
      76         3         3  -0.743024
      76         4         4  -0.004017
      76         5         5  1.044823
      76         6         6  0.845799
      76         7         7  -0.684709
      76         8         8  -2.501463
      76         9         9  0.372863
      76        10        10  0.067984
      76        11        11  -1.321592
      76        12        12  1.215786
      76        13        13  -0.746872
      76        14        14  1.473406
      77         1         1  -0.297733
      77         2         2  0.607655
      77         3         3  -1.343188
      77         4         4  -0.002818
      77         5         5  -0.569507
      77         6         6  -0.451060
      77         7         7  -0.189612
      77         8         8  0.188523
      77         9         9  -0.251675
      77        10        10  -0.853902
      77        11        11  -0.223586
      77        12        12  -0.473262
      77        13        13  -1.848672
      77        14        14  0.594520
      78         1         1  0.027373
      78         2         2  0.179969
      78         3         3  0.983663
      78         4         4  2.112034
      78         5         5  0.963590
      78         6         6  1.662668
      78         7         7  -1.517371
      78         8         8  0.308036
      78         9         9  -1.619577
      78        10        10  -1.195733
      78        11        11  0.474153
      78        12        12  1.456254
      78        13        13  -0.021774
      78        14        14  -1.279624
      79         1         1  0.507818
      79         2         2  0.046306
      79         3         3  1.545765
      79         4         4  -0.647665
      79         5         5  2.590944
      79         6         6  0.591496
      79         7         7  -0.232487
      79         8         8  -3.261142
      79         9         9  0.122944
      79        10        10  1.093415
      79        11        11  0.297287
      79        12        12  0.698599
      79        13        13  1.131998
      79        14        14  1.383667
      80         1         1  -1.291497
      80         2         2  0.396444
      80         3         3  0.460947
      80         4         4  1.091533
      80         5         5  2.081481
      80         6         6  -0.553158
      80         7         7  0.115312
      80         8         8  0.546605
      80         9         9  1.542361
      80        10        10  -0.329816
      80        11        11  -0.703445
      80        12        12  0.869563
      80        13        13  -1.823474
      80        14        14  0.309947
      81         1         1  0.333726
      81         2         2  0.533220
      81         3         3  -1.020493
      81         4         4  0.386777
      81         5         5  -0.770651
      81         6         6  0.931543
      81         7         7  -0.084503
      81         8         8  -0.666181
      81         9         9  -0.692485
      81        10        10  0.723338
      81        11        11  1.372024
      81        12        12  0.855331
      81        13        13  -1.370624
      81        14        14  -0.752539
      82         1         1  -0.275991
      82         2         2  0.806182
      82         3         3  1.483471
      82         4         4  -0.157019
      82         5         5  0.188376
      82         6         6  1.181627
      82         7         7  0.018307
      82         8         8  0.009271
      82         9         9  0.391814
      82        10        10  0.459431
      82        11        11  0.119519
      82        12        12  0.016162
      82        13        13  -1.449609
      82        14        14  -0.291469
      83         1         1  -0.105074
      83         2         2  -1.391452
      83         3         3  -0.697589
      83         4         4  -0.196305
      83         5         5  -0.067273
      83         6         6  -0.200541
      83         7         7  0.139371
      83         8         8  0.009311
      83         9         9  -0.288445
      83        10        10  -0.782950
      83        11        11  0.866419
      83        12        12  -0.827253
      83        13        13  -1.011187
      83        14        14  -0.590938
      84         1         1  -0.237075
      84         2         2  -1.435021
      84         3         3  -0.264731
      84         4         4  -0.548710
      84         5         5  0.195842
      84         6         6  -1.035419
      84         7         7  -0.116340
      84         8         8  0.459636
      84         9         9  0.444939
      84        10        10  1.826162
      84        11        11  -0.334930
      84        12        12  -0.990519
      84        13        13  -1.285411
      84        14        14  0.299078
      85         1         1  0.588670
      85         2         2  -0.900950
      85         3         3  -0.017205
      85         4         4  0.009645
      85         5         5  -0.723057
      85         6         6  0.038558
      85         7         7  0.352146
      85         8         8  -0.649859
      85         9         9  0.107690
      85        10        10  0.126379
      85        11        11  1.620903
      85        12        12  0.500126
      85        13        13  -0.118947
      85        14        14  1.687109
      86         1         1  0.269698
      86         2         2  -0.836386
      86         3         3  0.082040
      86         4         4  1.247619
      86         5         5  0.515914
      86         6         6  -0.747747
      86         7         7  -0.242130
      86         8         8  0.400704
      86         9         9  0.390253
      86        10        10  -1.974177
      86        11        11  0.627988
      86        12        12  1.693220
      86        13        13  0.166116
      86        14        14  -0.212388
      87         1         1  -0.526228
      87         2         2  -0.139936
      87         3         3  -0.525125
      87         4         4  -1.801690
      87         5         5  -0.424314
      87         6         6  -0.365089
      87         7         7  -0.910307
      87         8         8  1.703257
      87         9         9  -0.209084
      87        10        10  1.425581
      87        11        11  -1.842547
      87        12        12  1.546237
      87        13        13  1.920164
      87        14        14  -0.457325
      88         1         1  -0.479724
      88         2         2  -0.240320
      88         3         3  -0.188579
      88         4         4  -1.003551
      88         5         5  -0.787999
      88         6         6  0.135651
      88         7         7  0.426969
      88         8         8  -1.958123
      88         9         9  1.159371
      88        10        10  0.484702
      88        11        11  -0.086111
      88        12        12  0.511950
      88        13        13  0.327098
      88        14        14  -1.402873
      89         1         1  -0.474882
      89         2         2  0.145034
      89         3         3  0.144643
      89         4         4  0.898719
      89         5         5  -1.020083
      89         6         6  -0.684060
      89         7         7  0.431672
      89         8         8  0.175244
      89         9         9  0.983881
      89        10        10  0.233727
      89        11        11  1.408503
      89        12        12  1.083444
      89        13        13  -0.607344
      89        14        14  0.364888
      90         1         1  -0.147243
      90         2         2  -1.179843
      90         3         3  0.554745
      90         4         4  -1.749335
      90         5         5  0.907383
      90         6         6  -1.682551
      90         7         7  0.456744
      90         8         8  -1.791427
      90         9         9  -0.230305
      90        10        10  -0.324877
      90        11        11  -1.713479
      90        12        12  1.581054
      90        13        13  -0.247288
      90        14        14  0.122621
      91         1         1  0.021165
      91         2         2  -0.015912
      91         3         3  -1.903684
      91         4         4  0.284313
      91         5         5  0.178899
      91         6         6  0.465009
      91         7         7  0.287725
      91         8         8  0.518088
      91         9         9  -0.617238
      91        10        10  -1.323096
      91        11        11  0.573558
      91        12        12  -0.945567
      91        13        13  0.822861
      91        14        14  0.148181
      92         1         1  -1.855442
      92         2         2  0.197166
      92         3         3  -0.516244
      92         4         4  -1.660032
      92         5         5  0.476556
      92         6         6  2.451076
      92         7         7  -0.007001
      92         8         8  0.524182
      92         9         9  -0.998861
      92        10        10  0.180866
      92        11        11  -1.151490
      92        12        12  -3.029342
      92        13        13  -0.768283
      92        14        14  -0.975677
      93         1         1  -1.706323
      93         2         2  -2.708040
      93         3         3  -0.154007
      93         4         4  0.052889
      93         5         5  0.451161
      93         6         6  -0.075930
      93         7         7  0.190400
      93         8         8  -0.725142
      93         9         9  1.220653
      93        10        10  0.307881
      93        11        11  -1.006481
      93        12        12  -0.641157
      93        13        13  0.356549
      93        14        14  0.586445
      94         1         1  0.034779
      94         2         2  0.062872
      94         3         3  0.583543
      94         4         4  -0.073101
      94         5         5  -0.542837
      94         6         6  -1.020257
      94         7         7  1.218881
      94         8         8  -0.962040
      94         9         9  -1.257853
      94        10        10  0.151887
      94        11        11  0.880107
      94        12        12  1.116519
      94        13        13  1.463688
      94        14        14  -0.044383
      95         1         1  2.687175
      95         2         2  1.095487
      95         3         3  -0.019588
      95         4         4  0.161298
      95         5         5  2.910374
      95         6         6  -0.793645
      95         7         7  -2.411201
      95         8         8  -1.298795
      95         9         9  0.634169
      95        10        10  -0.933371
      95        11        11  -0.630721
      95        12        12  -2.130714
      95        13        13  1.300738
      95        14        14  -1.386333
      96         1         1  -0.832641
      96         2         2  -1.056430
      96         3         3  0.242408
      96         4         4  -0.869490
      96         5         5  0.202014
      96         6         6  -1.731248
      96         7         7  1.019865
      96         8         8  0.029052
      96         9         9  0.426937
      96        10        10  0.235984
      96        11        11  1.185129
      96        12        12  -1.331457
      96        13        13  0.972934
      96        14        14  -0.799379
      97         1         1  0.850324
      97         2         2  -0.125677
      97         3         3  -1.510057
      97         4         4  0.575821
      97         5         5  1.627259
      97         6         6  1.193708
      97         7         7  2.053513
      97         8         8  -1.627349
      97         9         9  -2.029936
      97        10        10  0.176471
      97        11        11  -0.004756
      97        12        12  0.489099
      97        13        13  0.027789
      97        14        14  -2.011556
      98         1         1  -0.845537
      98         2         2  -0.206457
      98         3         3  0.526664
      98         4         4  -1.009865
      98         5         5  0.007621
      98         6         6  0.978973
      98         7         7  0.159550
      98         8         8  -1.323199
      98         9         9  -1.231830
      98        10        10  -1.233129
      98        11        11  1.485348
      98        12        12  -0.934168
      98        13        13  -2.819533
      98        14        14  -0.616766
      99         1         1  0.242679
      99         2         2  1.330641
      99         3         3  -0.802766
      99         4         4  -1.309972
      99         5         5  -0.664251
      99         6         6  -2.184566
      99         7         7  1.848038
      99         8         8  -0.352933
      99         9         9  0.473492
      99        10        10  -1.159282
      99        11        11  -0.039276
      99        12        12  0.052287
      99        13        13  1.194847
      99        14        14  -1.558357
     100         1         1  1.501744
     100         2         2  1.307131
     100         3         3  -0.113120
     100         4         4  -0.055365
     100         5         5  -0.347747
     100         6         6  0.178007
     100         7         7  -0.742680
     100         8         8  1.639954
     100         9         9  0.356067
     100        10        10  -0.515623
     100        11        11  0.210771
     100        12        12  0.225585
     100        13        13  -0.707839
     100        14        14  0.224559
     101         1         1  1.075946
     101         2         2  1.084781
     101         3         3  1.760299
     101         4         4  1.493394
     101         5         5  -1.353379
     101         6         6  -1.636553
     101         7         7  -0.142144
     101         8         8  1.705593
     101         9         9  1.025210
     101        10        10  -0.537927
     101        11        11  1.846966
     101        12        12  0.746555
     101        13        13  -0.995265
     101        14        14  1.065628
     102         1         1  -0.380425
     102         2         2  -0.289852
     102         3         3  -0.879136
     102         4         4  1.746843
     102         5         5  -0.933096
     102         6         6  -0.621038
     102         7         7  -0.531085
     102         8         8  -0.510115
     102         9         9  0.576498
     102        10        10  -0.537577
     102        11        11  -0.022629
     102        12        12  -3.528393
     102        13        13  1.566583
     102        14        14  -0.387302
     103         1         1  -0.288592
     103         2         2  0.182489
     103         3         3  0.206393
     103         4         4  -0.479944
     103         5         5  2.190474
     103         6         6  -1.556327
     103         7         7  0.167577
     103         8         8  -0.485252
     103         9         9  0.829350
     103        10        10  0.629330
     103        11        11  -0.095724
     103        12        12  0.803939
     103        13        13  1.390413
     103        14        14  -2.313834
     104         1         1  -0.174886
     104         2         2  -0.517747
     104         3         3  -0.628654
     104         4         4  0.376563
     104         5         5  0.715759
     104         6         6  0.150973
     104         7         7  -0.648294
     104         8         8  0.748121
     104         9         9  -2.242775
     104        10        10  -0.659793
     104        11        11  -0.340169
     104        12        12  -0.151228
     104        13        13  1.306980
     104        14        14  -0.303999
     105         1         1  -2.231994
     105         2         2  -0.705686
     105         3         3  -0.140972
     105         4         4  2.292563
     105         5         5  -0.762326
     105         6         6  0.715405
     105         7         7  0.938215
     105         8         8  0.620729
     105         9         9  -0.557382
     105        10        10  0.414592
     105        11        11  -0.048393
     105        12        12  -0.517643
     105        13        13  -0.001618
     105        14        14  2.218570
     106         1         1  -0.572147
     106         2         2  1.110105
     106         3         3  -1.025253
     106         4         4  -1.692463
     106         5         5  -0.941425
     106         6         6  0.083140
     106         7         7  1.792190
     106         8         8  -0.808613
     106         9         9  -0.305664
     106        10        10  -0.703525
     106        11        11  0.397624
     106        12        12  -0.929754
     106        13        13  -2.438109
     106        14        14  0.425018
     107         1         1  0.581360
     107         2         2  -0.786075
     107         3         3  0.489983
     107         4         4  -0.923716
     107         5         5  0.552394
     107         6         6  -0.928833
     107         7         7  -1.204894
     107         8         8  0.301811
     107         9         9  -0.598893
     107        10        10  -0.815090
     107        11        11  -0.838191
     107        12        12  -1.011377
     107        13        13  -0.158947
     107        14        14  -0.272212
     108         1         1  1.377295
     108         2         2  1.423459
     108         3         3  -0.482184
     108         4         4  0.473041
     108         5         5  -0.718489
     108         6         6  0.710234
     108         7         7  1.022869
     108         8         8  0.085773
     108         9         9  -0.150459
     108        10        10  -0.304699
     108        11        11  -1.556529
     108        12        12  0.686496
     108        13        13  -0.922864
     108        14        14  -1.116818
     109         1         1  -0.529391
     109         2         2  1.074157
     109         3         3  1.192758
     109         4         4  0.402781
     109         5         5  2.139583
     109         6         6  -1.880912
     109         7         7  0.571806
     109         8         8  1.034159
     109         9         9  -0.157905
     109        10        10  0.507419
     109        11        11  0.506449
     109        12        12  1.518230
     109        13        13  0.307926
     109        14        14  -1.626347
     110         1         1  -0.895644
     110         2         2  0.105541
     110         3         3  -1.215044
     110         4         4  0.713309
     110         5         5  -0.781588
     110         6         6  0.843983
     110         7         7  0.580501
     110         8         8  0.124723
     110         9         9  0.100118
     110        10        10  -1.915930
     110        11        11  -0.501911
     110        12        12  -0.714574
     110        13        13  -0.925941
     110        14        14  0.521358
     111         1         1  -2.118178
     111         2         2  -0.105933
     111         3         3  0.033036
     111         4         4  0.782335
     111         5         5  -1.792151
     111         6         6  -1.096310
     111         7         7  -1.581204
     111         8         8  -0.098474
     111         9         9  0.003467
     111        10        10  2.176001
     111        11        11  -0.782110
     111        12        12  0.440454
     111        13        13  -0.302246
     111        14        14  -0.508069
     112         1         1  0.197871
     112         2         2  -0.377086
     112         3         3  -1.548511
     112         4         4  -0.845810
     112         5         5  -0.593777
     112         6         6  0.219312
     112         7         7  1.264440
     112         8         8  1.397741
     112         9         9  -0.909337
     112        10        10  -0.563485
     112        11        11  -1.455706
     112        12        12  0.681548
     112        13        13  1.172146
     112        14        14  -0.193961
     113         1         1  1.366711
     113         2         2  -0.169112
     113         3         3  -0.171802
     113         4         4  0.684626
     113         5         5  -1.449673
     113         6         6  1.390712
     113         7         7  -1.606585
     113         8         8  -0.775267
     113         9         9  -0.108012
     113        10        10  -0.397071
     113        11        11  -0.755140
     113        12        12  -0.116375
     113        13        13  -0.662824
     113        14        14  -1.177001
     114         1         1  1.559212
     114         2         2  1.069477
     114         3         3  -0.463619
     114         4         4  0.271430
     114         5         5  0.802046
     114         6         6  1.777231
     114         7         7  -1.225102
     114         8         8  0.237289
     114         9         9  -0.787276
     114        10        10  -0.265697
     114        11        11  -0.882651
     114        12        12  1.118258
     114        13        13  0.871329
     114        14        14  0.922714
     115         1         1  1.095516
     115         2         2  0.315742
     115         3         3  -1.769501
     115         4         4  -1.558373
     115         5         5  0.848203
     115         6         6  -1.311532
     115         7         7  1.097124
     115         8         8  -1.614028
     115         9         9  -0.919269
     115        10        10  1.312729
     115        11        11  1.046950
     115        12        12  -0.382945
     115        13        13  0.810902
     115        14        14  0.847807
     116         1         1  -0.622804
     116         2         2  -0.002904
     116         3         3  -0.449748
     116         4         4  -0.494725
     116         5         5  -0.307384
     116         6         6  0.065378
     116         7         7  0.842472
     116         8         8  1.243407
     116         9         9  -0.057407
     116        10        10  0.673382
     116        11        11  0.108556
     116        12        12  -2.260741
     116        13        13  0.711480
     116        14        14  0.929286
     117         1         1  -0.065247
     117         2         2  -0.296340
     117         3         3  0.897540
     117         4         4  -0.804541
     117         5         5  0.486536
     117         6         6  -0.094232
     117         7         7  0.563756
     117         8         8  -1.427930
     117         9         9  -0.283949
     117        10        10  0.675968
     117        11        11  0.464919
     117        12        12  0.559365
     117        13        13  1.221366
     117        14        14  2.497771
     118         1         1  -0.681662
     118         2         2  -1.141232
     118         3         3  -0.584084
     118         4         4  -0.828709
     118         5         5  -0.320596
     118         6         6  0.850781
     118         7         7  -1.350838
     118         8         8  0.138740
     118         9         9  0.378655
     118        10        10  -0.078293
     118        11        11  -0.074755
     118        12        12  1.743518
     118        13        13  -1.223754
     118        14        14  -0.860954
     119         1         1  1.688118
     119         2         2  0.612732
     119         3         3  0.511668
     119         4         4  0.139046
     119         5         5  0.546148
     119         6         6  -0.876559
     119         7         7  0.164125
     119         8         8  1.056780
     119         9         9  -0.688424
     119        10        10  0.357414
     119        11        11  0.263170
     119        12        12  -0.130948
     119        13        13  0.580151
     119        14        14  -1.687707
     120         1         1  -0.155358
     120         2         2  1.084403
     120         3         3  0.116141
     120         4         4  1.505318
     120         5         5  -0.966770
     120         6         6  -1.198627
     120         7         7  2.161880
     120         8         8  0.107562
     120         9         9  -0.034293
     120        10        10  0.068533
     120        11        11  -0.738244
     120        12        12  -0.082661
     120        13        13  0.450681
     120        14        14  0.450836
     121         1         1  -0.046151
     121         2         2  -0.653593
     121         3         3  1.756695
     121         4         4  0.554856
     121         5         5  -0.160424
     121         6         6  -0.366646
     121         7         7  1.193450
     121         8         8  0.448578
     121         9         9  0.302026
     121        10        10  0.118010
     121        11        11  0.756730
     121        12        12  0.548863
     121        13        13  2.318533
     121        14        14  1.782910
     122         1         1  1.774458
     122         2         2  -0.378519
     122         3         3  0.120740
     122         4         4  0.002305
     122         5         5  0.214775
     122         6         6  -0.696378
     122         7         7  -1.041351
     122         8         8  1.382049
     122         9         9  -0.750347
     122        10        10  -0.271545
     122        11        11  -0.398130
     122        12        12  0.050849
     122        13        13  -0.420787
     122        14        14  -1.110865
     123         1         1  1.929146
     123         2         2  -0.456696
     123         3         3  -0.393869
     123         4         4  0.905040
     123         5         5  0.770672
     123         6         6  -0.747132
     123         7         7  -0.601271
     123         8         8  0.393768
     123         9         9  -0.186403
     123        10        10  -0.576029
     123        11        11  -0.198301
     123        12        12  -0.347154
     123        13        13  -0.913803
     123        14        14  1.081742
     124         1         1  -1.370047
     124         2         2  0.118726
     124         3         3  -0.999478
     124         4         4  -0.045496
     124         5         5  2.195784
     124         6         6  -2.028248
     124         7         7  -0.581984
     124         8         8  1.451149
     124         9         9  0.341560
     124        10        10  -0.278926
     124        11        11  -1.011447
     124        12        12  1.396739
     124        13        13  0.371836
     124        14        14  -0.414573
     125         1         1  0.586014
     125         2         2  -0.476500
     125         3         3  -0.472842
     125         4         4  -0.965490
     125         5         5  0.464423
     125         6         6  1.352768
     125         7         7  0.564608
     125         8         8  2.231831
     125         9         9  -0.705280
     125        10        10  0.569593
     125        11        11  -0.579247
     125        12        12  1.436600
     125        13        13  -0.376730
     125        14        14  1.061072
     126         1         1  -0.092687
     126         2         2  -0.513487
     126         3         3  0.161941
     126         4         4  0.237443
     126         5         5  0.792492
     126         6         6  0.272512
     126         7         7  -0.730203
     126         8         8  0.311648
     126         9         9  -0.540403
     126        10        10  -0.123549
     126        11        11  -0.266247
     126        12        12  -0.252509
     126        13        13  0.547675
     126        14        14  -0.317051
     127         1         1  -0.274854
     127         2         2  -1.133476
     127         3         3  -1.235267
     127         4         4  -0.239960
     127         5         5  -1.891720
     127         6         6  -0.010254
     127         7         7  -1.773760
     127         8         8  -0.403302
     127         9         9  -1.779492
     127        10        10  0.040766
     127        11        11  0.005119
     127        12        12  0.887855
     127        13        13  0.783308
     127        14        14  1.100096
     128         1         1  -0.289140
     128         2         2  0.643653
     128         3         3  1.101907
     128         4         4  0.850180
     128         5         5  0.193016
     128         6         6  0.717705
     128         7         7  -1.078361
     128         8         8  1.250197
     128         9         9  -0.530534
     128        10        10  1.525031
     128        11        11  2.139230
     128        12        12  0.388467
     128        13        13  -1.269434
     128        14        14  0.530933
     129         1         1  0.297657
     129         2         2  0.951977
     129         3         3  -0.463081
     129         4         4  0.111726
     129         5         5  -0.057108
     129         6         6  0.271075
     129         7         7  1.544247
     129         8         8  -0.002651
     129         9         9  0.115817
     129        10        10  0.745692
     129        11        11  -0.518609
     129        12        12  0.619441
     129        13        13  -1.160739
     129        14        14  0.007040
     130         1         1  -0.294309
     130         2         2  -0.157104
     130         3         3  -0.351835
     130         4         4  0.871407
     130         5         5  1.748572
     130         6         6  0.802297
     130         7         7  0.046081
     130         8         8  -0.878867
     130         9         9  0.035494
     130        10        10  0.320895
     130        11        11  -1.491284
     130        12        12  -1.542691
     130        13        13  1.481817
     130        14        14  -0.689280
     131         1         1  -0.755283
     131         2         2  -1.043064
     131         3         3  0.697378
     131         4         4  -0.595740
     131         5         5  -2.818341
     131         6         6  -0.339145
     131         7         7  1.049714
     131         8         8  0.482191
     131         9         9  2.133880
     131        10        10  -1.092410
     131        11        11  0.662999
     131        12        12  -1.118454
     131        13        13  0.382344
     131        14        14  1.489147
     132         1         1  0.537757
     132         2         2  -1.100445
     132         3         3  -1.023117
     132         4         4  -2.205670
     132         5         5  -2.368117
     132         6         6  -1.064323
     132         7         7  0.814328
     132         8         8  1.094836
     132         9         9  1.355544
     132        10        10  -0.150982
     132        11        11  0.265939
     132        12        12  -0.524782
     132        13        13  0.112690
     132        14        14  -0.573350
     133         1         1  0.253190
     133         2         2  0.783282
     133         3         3  0.908747
     133         4         4  1.540488
     133         5         5  -0.291143
     133         6         6  -0.275442
     133         7         7  0.021486
     133         8         8  -2.228456
     133         9         9  0.426408
     133        10        10  -0.219571
     133        11        11  -0.752581
     133        12        12  -0.743880
     133        13        13  -0.411084
     133        14        14  2.456064
     134         1         1  -0.487785
     134         2         2  -0.377479
     134         3         3  0.690336
     134         4         4  0.366952
     134         5         5  -1.141531
     134         6         6  0.972519
     134         7         7  -0.376922
     134         8         8  1.314667
     134         9         9  1.099763
     134        10        10  0.941384
     134        11        11  -1.004645
     134        12        12  -0.227118
     134        13        13  -0.397439
     134        14        14  0.534836
     135         1         1  -0.782635
     135         2         2  -1.151254
     135         3         3  -0.880720
     135         4         4  -0.561739
     135         5         5  0.044678
     135         6         6  1.490116
     135         7         7  -0.012008
     135         8         8  0.736458
     135         9         9  -0.321169
     135        10        10  -0.642390
     135        11        11  -0.470245
     135        12        12  0.441641
     135        13        13  -1.018432
     135        14        14  0.857009
     136         1         1  0.311761
     136         2         2  -1.039624
     136         3         3  2.285099
     136         4         4  0.461711
     136         5         5  0.810909
     136         6         6  -0.066733
     136         7         7  -0.133243
     136         8         8  0.402470
     136         9         9  -0.783735
     136        10        10  0.071616
     136        11        11  -0.348726
     136        12        12  0.686157
     136        13        13  -0.847923
     136        14        14  0.525160
     137         1         1  -0.921764
     137         2         2  -0.146827
     137         3         3  -1.021165
     137         4         4  -0.479348
     137         5         5  0.360138
     137         6         6  0.699778
     137         7         7  -0.807642
     137         8         8  -1.923560
     137         9         9  -0.110804
     137        10        10  -0.174336
     137        11        11  0.636622
     137        12        12  -0.545803
     137        13        13  -0.296685
     137        14        14  -0.030726
     138         1         1  -0.461181
     138         2         2  1.801059
     138         3         3  -2.492283
     138         4         4  -0.930632
     138         5         5  -0.003284
     138         6         6  -0.072199
     138         7         7  -0.406363
     138         8         8  -0.284333
     138         9         9  0.156889
     138        10        10  0.116780
     138        11        11  0.629038
     138        12        12  0.604680
     138        13        13  -0.165342
     138        14        14  -1.062601
     139         1         1  0.766768
     139         2         2  0.437071
     139         3         3  0.635052
     139         4         4  1.767967
     139         5         5  -0.040119
     139         6         6  0.227415
     139         7         7  0.666280
     139         8         8  -0.187645
     139         9         9  -0.369986
     139        10        10  0.529308
     139        11        11  0.858575
     139        12        12  1.464009
     139        13        13  0.496529
     139        14        14  -0.963424
     140         1         1  0.307488
     140         2         2  0.145132
     140         3         3  -0.034563
     140         4         4  1.028859
     140         5         5  -0.945146
     140         6         6  -0.742938
     140         7         7  -0.314480
     140         8         8  -0.299860
     140         9         9  1.651713
     140        10        10  -0.542059
     140        11        11  -0.693505
     140        12        12  -0.909148
     140        13        13  0.135567
     140        14        14  0.480070
     141         1         1  0.889995
     141         2         2  -1.427017
     141         3         3  0.199833
     141         4         4  0.783631
     141         5         5  -0.188055
     141         6         6  -0.050529
     141         7         7  0.331586
     141         8         8  -0.147939
     141         9         9  -1.509287
     141        10        10  -0.005886
     141        11        11  0.738248
     141        12        12  -0.087371
     141        13        13  1.070279
     141        14        14  -0.115277
     142         1         1  1.023268
     142         2         2  -0.773211
     142         3         3  -0.132991
     142         4         4  0.705029
     142         5         5  0.857315
     142         6         6  0.807441
     142         7         7  -1.740722
     142         8         8  -1.341012
     142         9         9  0.606879
     142        10        10  -0.471174
     142        11        11  -1.743887
     142        12        12  1.060040
     142        13        13  0.865321
     142        14        14  0.307846
     143         1         1  -0.977078
     143         2         2  -0.204049
     143         3         3  -0.386108
     143         4         4  0.975774
     143         5         5  -0.048726
     143         6         6  1.071620
     143         7         7  -0.602109
     143         8         8  -2.292841
     143         9         9  -0.507238
     143        10        10  -0.181204
     143        11        11  -1.367853
     143        12        12  0.590281
     143        13        13  0.567610
     143        14        14  -0.979036
     144         1         1  -1.160769
     144         2         2  -0.840982
     144         3         3  -0.033778
     144         4         4  0.578901
     144         5         5  0.112013
     144         6         6  -0.482346
     144         7         7  0.690775
     144         8         8  -1.095297
     144         9         9  -2.549348
     144        10        10  -0.200720
     144        11        11  -2.082077
     144        12        12  -0.726979
     144        13        13  0.504347
     144        14        14  0.512437
     145         1         1  1.074092
     145         2         2  0.295593
     145         3         3  -1.461670
     145         4         4  0.442862
     145         5         5  -1.553444
     145         6         6  -0.226505
     145         7         7  0.853219
     145         8         8  -0.033299
     145         9         9  0.782117
     145        10        10  -0.355302
     145        11        11  -1.060020
     145        12        12  1.288812
     145        13        13  0.611672
     145        14        14  -0.108089
     146         1         1  -0.437537
     146         2         2  0.515155
     146         3         3  -0.208707
     146         4         4  -0.868268
     146         5         5  -0.867687
     146         6         6  -0.140150
     146         7         7  -0.305349
     146         8         8  -2.146845
     146         9         9  0.426715
     146        10        10  1.102385
     146        11        11  0.937397
     146        12        12  0.244205
     146        13        13  0.008865
     146        14        14  -0.583284
     147         1         1  -0.499092
     147         2         2  2.049903
     147         3         3  1.466019
     147         4         4  0.886680
     147         5         5  -1.080501
     147         6         6  -1.211793
     147         7         7  -0.435471
     147         8         8  -0.297484
     147         9         9  -2.159191
     147        10        10  -1.731581
     147        11        11  0.590204
     147        12        12  -1.525296
     147        13        13  -0.322617
     147        14        14  -0.528150
     148         1         1  0.026329
     148         2         2  -0.555117
     148         3         3  0.271226
     148         4         4  -0.258164
     148         5         5  1.151065
     148         6         6  -0.193171
     148         7         7  0.240269
     148         8         8  -0.882751
     148         9         9  2.147831
     148        10        10  -0.441926
     148        11        11  -0.168608
     148        12        12  0.675672
     148        13        13  0.256851
     148        14        14  0.439482
     149         1         1  -0.173379
     149         2         2  -0.552998
     149         3         3  0.748058
     149         4         4  -0.833250
     149         5         5  0.309723
     149         6         6  -0.065372
     149         7         7  -0.426451
     149         8         8  -0.077594
     149         9         9  0.803010
     149        10        10  0.094824
     149        11        11  -0.082364
     149        12        12  -0.026992
     149        13        13  -0.131644
     149        14        14  -0.189511
     150         1         1  0.576356
     150         2         2  0.036325
     150         3         3  1.011905
     150         4         4  -0.524219
     150         5         5  -0.743411
     150         6         6  -1.474337
     150         7         7  1.411426
     150         8         8  0.795422
     150         9         9  -1.200205
     150        10        10  -2.691059
     150        11        11  2.224842
     150        12        12  -1.977109
     150        13        13  0.624694
     150        14        14  -1.603570
     151         1         1  0.192130
     151         2         2  0.513156
     151         3         3  -0.668391
     151         4         4  2.095288
     151         5         5  -0.573719
     151         6         6  1.170095
     151         7         7  -0.765849
     151         8         8  0.164624
     151         9         9  0.148985
     151        10        10  -0.766406
     151        11        11  -1.641929
     151        12        12  0.322837
     151        13        13  1.599642
     151        14        14  0.463090
     152         1         1  0.883822
     152         2         2  -1.648167
     152         3         3  -0.576980
     152         4         4  0.864546
     152         5         5  -0.292653
     152         6         6  0.880736
     152         7         7  0.610379
     152         8         8  1.847694
     152         9         9  -1.098065
     152        10        10  -0.145874
     152        11        11  0.137899
     152        12        12  -0.104328
     152        13        13  -0.277711
     152        14        14  1.505545
     153         1         1  1.828657
     153         2         2  1.166030
     153         3         3  -0.477022
     153         4         4  -0.783194
     153         5         5  0.651772
     153         6         6  -0.778673
     153         7         7  0.829691
     153         8         8  0.444986
     153         9         9  -0.625587
     153        10        10  0.437194
     153        11        11  -0.890262
     153        12        12  0.558477
     153        13        13  -0.142483
     153        14        14  -1.126559
     154         1         1  0.394885
     154         2         2  1.369578
     154         3         3  0.730586
     154         4         4  -0.569816
     154         5         5  -0.075251
     154         6         6  -0.692325
     154         7         7  1.396458
     154         8         8  1.699610
     154         9         9  0.597599
     154        10        10  0.814124
     154        11        11  2.504604
     154        12        12  -0.679177
     154        13        13  -0.865812
     154        14        14  -0.663887
     155         1         1  1.040200
     155         2         2  -1.247004
     155         3         3  0.303247
     155         4         4  -1.773620
     155         5         5  0.727533
     155         6         6  -0.185317
     155         7         7  -1.978142
     155         8         8  -2.994013
     155         9         9  0.649104
     155        10        10  -1.002783
     155        11        11  -0.083786
     155        12        12  0.831233
     155        13        13  -0.237132
     155        14        14  -0.750260
     156         1         1  -0.145446
     156         2         2  0.729441
     156         3         3  1.205777
     156         4         4  0.076599
     156         5         5  -1.852608
     156         6         6  0.696573
     156         7         7  0.442087
     156         8         8  0.332288
     156         9         9  1.028071
     156        10        10  0.668288
     156        11        11  -0.643280
     156        12        12  1.478106
     156        13        13  -0.891324
     156        14        14  0.463072
     157         1         1  -1.504513
     157         2         2  0.521445
     157         3         3  0.559704
     157         4         4  -1.537135
     157         5         5  0.450502
     157         6         6  0.525439
     157         7         7  -0.028297
     157         8         8  1.925902
     157         9         9  -0.614330
     157        10        10  -0.322892
     157        11        11  -0.790157
     157        12        12  -0.256082
     157        13        13  0.673528
     157        14        14  0.269996
     158         1         1  0.453194
     158         2         2  -0.917936
     158         3         3  0.852661
     158         4         4  -0.615563
     158         5         5  0.111040
     158         6         6  -1.120825
     158         7         7  -0.204745
     158         8         8  -2.514081
     158         9         9  -1.664838
     158        10        10  0.083703
     158        11        11  0.278892
     158        12        12  -0.138819
     158        13        13  0.959102
     158        14        14  0.774957
     159         1         1  0.933032
     159         2         2  -0.887915
     159         3         3  0.630617
     159         4         4  -1.403174
     159         5         5  0.542856
     159         6         6  1.576588
     159         7         7  -0.439684
     159         8         8  0.381651
     159         9         9  -0.095975
     159        10        10  0.254607
     159        11        11  0.215396
     159        12        12  -0.499605
     159        13        13  0.485483
     159        14        14  -0.029494
     160         1         1  0.495739
     160         2         2  -0.090052
     160         3         3  0.128920
     160         4         4  -0.466508
     160         5         5  0.507840
     160         6         6  -0.627991
     160         7         7  -0.330613
     160         8         8  -0.700237
     160         9         9  -1.455158
     160        10        10  -0.006471
     160        11        11  0.411200
     160        12        12  1.376290
     160        13        13  1.768918
     160        14        14  -0.174361
     161         1         1  -1.053554
     161         2         2  0.221003
     161         3         3  0.129872
     161         4         4  0.444097
     161         5         5  -0.234727
     161         6         6  0.437281
     161         7         7  -0.332117
     161         8         8  1.732716
     161         9         9  1.237282
     161        10        10  0.862296
     161        11        11  0.389153
     161        12        12  -1.112356
     161        13        13  -0.713625
     161        14        14  -0.211161
     162         1         1  2.185246
     162         2         2  0.605980
     162         3         3  1.067814
     162         4         4  -0.810515
     162         5         5  -2.518048
     162         6         6  0.288830
     162         7         7  -0.632905
     162         8         8  0.434535
     162         9         9  0.076066
     162        10        10  0.216828
     162        11        11  -0.228017
     162        12        12  0.129555
     162        13        13  -0.421362
     162        14        14  -2.026824
     163         1         1  -1.314138
     163         2         2  -0.323517
     163         3         3  -1.928838
     163         4         4  -0.817147
     163         5         5  -0.769081
     163         6         6  -0.155202
     163         7         7  -0.342572
     163         8         8  0.402464
     163         9         9  -1.154743
     163        10        10  -0.157720
     163        11        11  0.661023
     163        12        12  0.297174
     163        13        13  -1.000197
     163        14        14  -0.319189
     164         1         1  0.038962
     164         2         2  0.837748
     164         3         3  0.878974
     164         4         4  -2.188862
     164         5         5  -1.254872
     164         6         6  -0.893845
     164         7         7  -1.550981
     164         8         8  -0.616514
     164         9         9  0.508618
     164        10        10  -0.243601
     164        11        11  1.046606
     164        12        12  -0.629983
     164        13        13  -0.929370
     164        14        14  -1.721468
     165         1         1  -0.690979
     165         2         2  0.929413
     165         3         3  1.556393
     165         4         4  0.305618
     165         5         5  -0.590729
     165         6         6  -0.475618
     165         7         7  0.939165
     165         8         8  1.733509
     165         9         9  0.074655
     165        10        10  0.917680
     165        11        11  -0.616766
     165        12        12  -1.153178
     165        13        13  -1.348451
     165        14        14  0.670773
     166         1         1  -0.199780
     166         2         2  0.654062
     166         3         3  -0.648128
     166         4         4  0.014683
     166         5         5  1.923682
     166         6         6  0.080589
     166         7         7  -1.693413
     166         8         8  -0.618563
     166         9         9  1.084425
     166        10        10  0.865825
     166        11        11  1.467333
     166        12        12  0.223574
     166        13        13  0.467120
     166        14        14  -0.818529
     167         1         1  1.731472
     167         2         2  -0.768168
     167         3         3  0.753922
     167         4         4  -0.361378
     167         5         5  0.488546
     167         6         6  0.796090
     167         7         7  -0.579398
     167         8         8  0.578646
     167         9         9  0.384376
     167        10        10  1.003894
     167        11        11  -0.425997
     167        12        12  0.026382
     167        13        13  -0.478188
     167        14        14  -0.697205
     168         1         1  -0.321864
     168         2         2  -1.336896
     168         3         3  0.184646
     168         4         4  -1.918413
     168         5         5  1.569992
     168         6         6  -0.534411
     168         7         7  1.867632
     168         8         8  -1.232141
     168         9         9  1.735394
     168        10        10  -0.949644
     168        11        11  -2.430427
     168        12        12  -0.189785
     168        13        13  0.294789
     168        14        14  1.779196
     169         1         1  0.592054
     169         2         2  0.569932
     169         3         3  -1.035259
     169         4         4  1.331851
     169         5         5  -2.236982
     169         6         6  -0.196746
     169         7         7  0.543459
     169         8         8  0.248324
     169         9         9  -0.281635
     169        10        10  -0.737522
     169        11        11  -0.236618
     169        12        12  -0.632853
     169        13        13  0.894433
     169        14        14  0.570569
     170         1         1  -0.979015
     170         2         2  -1.036521
     170         3         3  -0.138481
     170         4         4  0.408272
     170         5         5  0.606512
     170         6         6  -0.827119
     170         7         7  -1.803432
     170         8         8  -0.044235
     170         9         9  -1.230868
     170        10        10  -0.089254
     170        11        11  0.607042
     170        12        12  -0.742951
     170        13        13  0.506961
     170        14        14  -0.351833
     171         1         1  -0.251132
     171         2         2  0.859932
     171         3         3  -1.352345
     171         4         4  1.074195
     171         5         5  0.344292
     171         6         6  -0.434874
     171         7         7  -1.386889
     171         8         8  0.733632
     171         9         9  0.573534
     171        10        10  1.574679
     171        11        11  0.117019
     171        12        12  0.986244
     171        13        13  1.204568
     171        14        14  0.422068
     172         1         1  -0.668504
     172         2         2  -1.176696
     172         3         3  0.116077
     172         4         4  0.264816
     172         5         5  1.477780
     172         6         6  1.201568
     172         7         7  2.011674
     172         8         8  0.592187
     172         9         9  1.175707
     172        10        10  -0.995512
     172        11        11  -0.735842
     172        12        12  0.743636
     172        13        13  -0.135468
     172        14        14  -0.918172
     173         1         1  0.522550
     173         2         2  -1.371586
     173         3         3  -0.984092
     173         4         4  1.635349
     173         5         5  -1.445132
     173         6         6  -0.643924
     173         7         7  -0.981316
     173         8         8  0.556045
     173         9         9  -2.103065
     173        10        10  0.245582
     173        11        11  0.427062
     173        12        12  1.105574
     173        13        13  -0.166419
     173        14        14  1.132654
     174         1         1  0.325732
     174         2         2  -1.407111
     174         3         3  0.196815
     174         4         4  -0.533224
     174         5         5  0.000740
     174         6         6  -0.770567
     174         7         7  0.971393
     174         8         8  0.639625
     174         9         9  -0.977177
     174        10        10  -1.101571
     174        11        11  -0.704604
     174        12        12  0.374388
     174        13        13  0.751594
     174        14        14  -1.409050
     175         1         1  0.902984
     175         2         2  0.341037
     175         3         3  0.750611
     175         4         4  -0.176067
     175         5         5  -1.144060
     175         6         6  -0.270020
     175         7         7  1.579310
     175         8         8  -0.010176
     175         9         9  0.838224
     175        10        10  -0.955661
     175        11        11  0.687368
     175        12        12  0.514643
     175        13        13  0.869820
     175        14        14  -0.177725
     176         1         1  0.871599
     176         2         2  0.170195
     176         3         3  1.913802
     176         4         4  -2.297614
     176         5         5  -1.645276
     176         6         6  -0.217210
     176         7         7  -0.691430
     176         8         8  -0.677628
     176         9         9  -1.297998
     176        10        10  1.534234
     176        11        11  -0.880643
     176        12        12  -0.437717
     176        13        13  -0.330236
     176        14        14  -0.650998
     177         1         1  0.787869
     177         2         2  1.325003
     177         3         3  0.170884
     177         4         4  -0.634561
     177         5         5  -0.343380
     177         6         6  -1.182076
     177         7         7  -0.299873
     177         8         8  0.175555
     177         9         9  0.063854
     177        10        10  -0.456923
     177        11        11  -0.256404
     177        12        12  0.236812
     177        13        13  0.023401
     177        14        14  0.390440
     178         1         1  -0.690768
     178         2         2  -1.454438
     178         3         3  1.514042
     178         4         4  -0.994879
     178         5         5  -0.624010
     178         6         6  -0.266012
     178         7         7  -1.854632
     178         8         8  0.173227
     178         9         9  -0.870340
     178        10        10  -0.000752
     178        11        11  -0.331925
     178        12        12  -0.874125
     178        13        13  0.662780
     178        14        14  0.950392
     179         1         1  0.517737
     179         2         2  -1.290201
     179         3         3  1.305644
     179         4         4  1.230000
     179         5         5  -0.111324
     179         6         6  -0.237341
     179         7         7  -0.038034
     179         8         8  1.079853
     179         9         9  -1.328681
     179        10        10  0.566697
     179        11        11  -0.163216
     179        12        12  -2.205087
     179        13        13  0.190990
     179        14        14  -0.277757
     180         1         1  0.955809
     180         2         2  3.328873
     180         3         3  0.638447
     180         4         4  -0.215550
     180         5         5  -1.790295
     180         6         6  -0.621155
     180         7         7  -0.750604
     180         8         8  -0.047736
     180         9         9  -0.051652
     180        10        10  -0.110042
     180        11        11  -0.319551
     180        12        12  0.519477
     180        13        13  -1.053968
     180        14        14  -0.371180
     181         1         1  -0.759012
     181         2         2  -1.864749
     181         3         3  2.119021
     181         4         4  -0.627130
     181         5         5  -0.078657
     181         6         6  -1.646449
     181         7         7  -0.254743
     181         8         8  -0.761780
     181         9         9  -0.297868
     181        10        10  0.904064
     181        11        11  -0.255196
     181        12        12  -0.048860
     181        13        13  1.145838
     181        14        14  0.686806
     182         1         1  -0.969814
     182         2         2  -0.078417
     182         3         3  -1.099655
     182         4         4  1.669500
     182         5         5  1.087581
     182         6         6  1.502097
     182         7         7  -1.098723
     182         8         8  -0.224273
     182         9         9  0.414214
     182        10        10  -0.007171
     182        11        11  0.555014
     182        12        12  0.746340
     182        13        13  -1.831795
     182        14        14  0.911327
     183         1         1  0.074625
     183         2         2  -1.490791
     183         3         3  1.227384
     183         4         4  0.068489
     183         5         5  0.922130
     183         6         6  1.422073
     183         7         7  -0.343366
     183         8         8  1.207785
     183         9         9  0.675684
     183        10        10  0.221037
     183        11        11  -0.650938
     183        12        12  -0.863275
     183        13        13  1.613924
     183        14        14  -0.202300
     184         1         1  1.893977
     184         2         2  -1.066662
     184         3         3  -0.704259
     184         4         4  0.409379
     184         5         5  -1.621412
     184         6         6  -1.333882
     184         7         7  0.116294
     184         8         8  0.862243
     184         9         9  2.118934
     184        10        10  0.070222
     184        11        11  0.122502
     184        12        12  1.044217
     184        13        13  1.055301
     184        14        14  0.709427
     185         1         1  -0.850751
     185         2         2  0.182015
     185         3         3  -0.199736
     185         4         4  1.319691
     185         5         5  0.059726
     185         6         6  -0.406939
     185         7         7  0.275417
     185         8         8  -0.354512
     185         9         9  -0.161329
     185        10        10  -0.186646
     185        11        11  0.883002
     185        12        12  -2.587829
     185        13        13  -1.121394
     185        14        14  0.213608
     186         1         1  -0.370723
     186         2         2  0.056665
     186         3         3  -0.337745
     186         4         4  -1.282301
     186         5         5  -1.711257
     186         6         6  0.106497
     186         7         7  -0.369021
     186         8         8  0.106034
     186         9         9  -0.395712
     186        10        10  0.154861
     186        11        11  0.326766
     186        12        12  2.389046
     186        13        13  0.251579
     186        14        14  0.535598
     187         1         1  -0.316981
     187         2         2  -0.790285
     187         3         3  -0.180122
     187         4         4  -0.480413
     187         5         5  0.743603
     187         6         6  1.350991
     187         7         7  1.109526
     187         8         8  -0.006731
     187         9         9  -0.235408
     187        10        10  0.534493
     187        11        11  -0.027189
     187        12        12  -0.276207
     187        13        13  0.210403
     187        14        14  1.124235
     188         1         1  0.740400
     188         2         2  0.363272
     188         3         3  0.210235
     188         4         4  1.674354
     188         5         5  1.140214
     188         6         6  -0.278875
     188         7         7  -1.167391
     188         8         8  0.161866
     188         9         9  -1.280144
     188        10        10  0.442242
     188        11        11  -0.769456
     188        12        12  -0.443046
     188        13        13  -0.230291
     188        14        14  -0.033903
     189         1         1  1.624208
     189         2         2  -0.149735
     189         3         3  0.094239
     189         4         4  1.534483
     189         5         5  -0.299921
     189         6         6  -0.341176
     189         7         7  0.616044
     189         8         8  -2.705408
     189         9         9  -1.829318
     189        10        10  -0.881859
     189        11        11  -1.096669
     189        12        12  -0.645332
     189        13        13  0.474124
     189        14        14  0.477245
     190         1         1  -1.482981
     190         2         2  1.812790
     190         3         3  -1.305448
     190         4         4  -1.193738
     190         5         5  -0.083618
     190         6         6  -0.388420
     190         7         7  -1.421212
     190         8         8  0.271604
     190         9         9  0.128281
     190        10        10  0.561145
     190        11        11  0.216013
     190        12        12  0.409971
     190        13        13  0.537944
     190        14        14  1.003289
     191         1         1  0.756346
     191         2         2  0.480060
     191         3         3  -0.646836
     191         4         4  -1.412004
     191         5         5  0.787502
     191         6         6  -1.665215
     191         7         7  0.043628
     191         8         8  0.662509
     191         9         9  -0.631139
     191        10        10  -0.275075
     191        11        11  0.296000
     191        12        12  0.019456
     191        13        13  1.175256
     191        14        14  0.274241
     192         1         1  0.548301
     192         2         2  -1.241455
     192         3         3  0.297041
     192         4         4  1.899969
     192         5         5  0.851361
     192         6         6  0.913308
     192         7         7  0.654883
     192         8         8  1.429807
     192         9         9  0.536839
     192        10        10  0.555017
     192        11        11  0.905954
     192        12        12  -0.039654
     192        13        13  0.775418
     192        14        14  -0.239961
     193         1         1  1.081767
     193         2         2  1.241014
     193         3         3  0.723456
     193         4         4  -0.895549
     193         5         5  0.450950
     193         6         6  1.147411
     193         7         7  -0.947281
     193         8         8  0.652590
     193         9         9  1.059812
     193        10        10  1.266721
     193        11        11  0.289153
     193        12        12  -0.260201
     193        13        13  -0.628849
     193        14        14  0.602015
     194         1         1  0.937552
     194         2         2  -0.171163
     194         3         3  1.237152
     194         4         4  0.907789
     194         5         5  1.161544
     194         6         6  0.087389
     194         7         7  0.398921
     194         8         8  0.034866
     194         9         9  0.644217
     194        10        10  -0.872062
     194        11        11  -0.201602
     194        12        12  -0.361935
     194        13        13  -1.189979
     194        14        14  -2.012110
     195         1         1  -0.677099
     195         2         2  -0.305819
     195         3         3  -0.274253
     195         4         4  0.353441
     195         5         5  -1.966555
     195         6         6  1.787255
     195         7         7  0.283432
     195         8         8  0.867006
     195         9         9  -1.334369
     195        10        10  0.442886
     195        11        11  0.047759
     195        12        12  -2.431782
     195        13        13  0.320064
     195        14        14  0.844466
     196         1         1  1.079416
     196         2         2  -1.735002
     196         3         3  0.302192
     196         4         4  1.968278
     196         5         5  -0.332766
     196         6         6  -1.003315
     196         7         7  0.309090
     196         8         8  0.555072
     196         9         9  0.681414
     196        10        10  0.281403
     196        11        11  -1.224499
     196        12        12  -2.019576
     196        13        13  0.217596
     196        14        14  -1.156142
     197         1         1  -0.140879
     197         2         2  -1.539447
     197         3         3  1.336533
     197         4         4  0.372367
     197         5         5  -0.083785
     197         6         6  -0.010039
     197         7         7  0.657189
     197         8         8  0.265981
     197         9         9  -1.487678
     197        10        10  -0.543293
     197        11        11  -0.892953
     197        12        12  -0.029747
     197        13        13  1.014144
     197        14        14  1.219123
     198         1         1  -0.295840
     198         2         2  0.786961
     198         3         3  0.002314
     198         4         4  -2.149924
     198         5         5  0.648918
     198         6         6  -0.190115
     198         7         7  -0.585512
     198         8         8  -1.004222
     198         9         9  -1.441393
     198        10        10  -1.066597
     198        11        11  1.480229
     198        12        12  1.374163
     198        13        13  -1.407679
     198        14        14  -0.267259
     199         1         1  0.449294
     199         2         2  -0.392481
     199         3         3  -0.313434
     199         4         4  0.645014
     199         5         5  1.296057
     199         6         6  0.394742
     199         7         7  0.949205
     199         8         8  0.058930
     199         9         9  1.637979
     199        10        10  0.080512
     199        11        11  1.244274
     199        12        12  -0.640940
     199        13        13  0.087516
     199        14        14  -1.808125
     200         1         1  -1.517990
     200         2         2  0.171426
     200         3         3  -1.458111
     200         4         4  -0.160758
     200         5         5  -0.202251
     200         6         6  1.500058
     200         7         7  0.615509
     200         8         8  0.082377
     200         9         9  -0.286815
     200        10        10  -2.123888
     200        11        11  0.626913
     200        12        12  -0.103123
     200        13        13  -2.167693
     200        14        14  1.658112
     201         1         1  -0.229898
     201         2         2  -0.883803
     201         3         3  1.504130
     201         4         4  0.023857
     201         5         5  -1.008792
     201         6         6  -0.567698
     201         7         7  1.064967
     201         8         8  -2.985095
     201         9         9  -0.669877
     201        10        10  -0.364524
     201        11        11  -0.330033
     201        12        12  0.854664
     201        13        13  -2.446067
     201        14        14  0.926976
     202         1         1  0.731097
     202         2         2  -0.989352
     202         3         3  2.086957
     202         4         4  -0.859804
     202         5         5  0.205084
     202         6         6  0.115912
     202         7         7  -0.652293
     202         8         8  0.974366
     202         9         9  -0.494762
     202        10        10  0.382364
     202        11        11  -0.638812
     202        12        12  1.480266
     202        13        13  0.151385
     202        14        14  0.784709
     203         1         1  0.967476
     203         2         2  0.799644
     203         3         3  -0.167279
     203         4         4  -0.742406
     203         5         5  0.289234
     203         6         6  0.125122
     203         7         7  -1.807185
     203         8         8  -0.415816
     203         9         9  1.334518
     203        10        10  -0.952686
     203        11        11  -0.980862
     203        12        12  -0.591900
     203        13        13  -0.374796
     203        14        14  1.568149
     204         1         1  1.477244
     204         2         2  -0.177413
     204         3         3  0.795544
     204         4         4  0.314376
     204         5         5  -0.683585
     204         6         6  0.563755
     204         7         7  1.582316
     204         8         8  1.943436
     204         9         9  -1.936804
     204        10        10  1.741682
     204        11        11  -0.092950
     204        12        12  -0.176798
     204        13        13  0.205539
     204        14        14  0.909082
     205         1         1  -0.797504
     205         2         2  -0.959282
     205         3         3  1.675378
     205         4         4  -1.210136
     205         5         5  -0.759295
     205         6         6  1.544054
     205         7         7  -0.966532
     205         8         8  -0.336071
     205         9         9  0.314681
     205        10        10  0.511063
     205        11        11  0.314085
     205        12        12  -0.169433
     205        13        13  0.207028
     205        14        14  -0.975279
     206         1         1  -0.234827
     206         2         2  -1.838765
     206         3         3  -0.635580
     206         4         4  -1.296212
     206         5         5  0.532994
     206         6         6  2.031265
     206         7         7  2.513336
     206         8         8  -0.430567
     206         9         9  -1.792473
     206        10        10  -0.392440
     206        11        11  -1.374683
     206        12        12  -0.794742
     206        13        13  1.015997
     206        14        14  0.306008
     207         1         1  0.782505
     207         2         2  0.226119
     207         3         3  -0.037721
     207         4         4  -1.741202
     207         5         5  -1.073446
     207         6         6  1.488700
     207         7         7  0.965545
     207         8         8  0.410675
     207         9         9  0.970841
     207        10        10  1.485279
     207        11        11  -1.277864
     207        12        12  -0.618726
     207        13        13  -1.271152
     207        14        14  -0.298458
     208         1         1  0.390553
     208         2         2  1.684835
     208         3         3  1.590432
     208         4         4  0.292100
     208         5         5  -0.393846
     208         6         6  -0.235505
     208         7         7  0.156402
     208         8         8  0.627613
     208         9         9  -0.588117
     208        10        10  1.297602
     208        11        11  1.805421
     208        12        12  -0.772305
     208        13        13  0.131340
     208        14        14  0.121615
     209         1         1  3.167425
     209         2         2  -2.470657
     209         3         3  -2.061658
     209         4         4  -1.124282
     209         5         5  1.868138
     209         6         6  1.889129
     209         7         7  1.346406
     209         8         8  2.270772
     209         9         9  -0.372468
     209        10        10  -0.643416
     209        11        11  -0.316128
     209        12        12  -1.080009
     209        13        13  1.021335
     209        14        14  -0.057796
     210         1         1  1.570655
     210         2         2  0.193510
     210         3         3  -0.241714
     210         4         4  0.491789
     210         5         5  -1.124084
     210         6         6  -1.014218
     210         7         7  -1.026754
     210         8         8  0.416345
     210         9         9  0.655378
     210        10        10  1.403301
     210        11        11  -0.382711
     210        12        12  -1.573866
     210        13        13  -0.367808
     210        14        14  -0.256670
     211         1         1  -0.178397
     211         2         2  0.932958
     211         3         3  -0.593875
     211         4         4  0.995703
     211         5         5  0.620315
     211         6         6  0.359202
     211         7         7  -1.222758
     211         8         8  0.483676
     211         9         9  -0.892023
     211        10        10  -0.605655
     211        11        11  -2.416991
     211        12        12  -0.376570
     211        13        13  -1.254089
     211        14        14  0.817906
     212         1         1  1.145987
     212         2         2  0.321923
     212         3         3  -0.253145
     212         4         4  0.885390
     212         5         5  0.372032
     212         6         6  -1.056098
     212         7         7  1.600506
     212         8         8  0.267215
     212         9         9  0.614414
     212        10        10  0.885124
     212        11        11  -0.522231
     212        12        12  -0.510232
     212        13        13  0.282931
     212        14        14  1.889296
     213         1         1  0.170606
     213         2         2  -0.281188
     213         3         3  1.392305
     213         4         4  -0.362638
     213         5         5  -0.650762
     213         6         6  -1.780030
     213         7         7  -0.207017
     213         8         8  -1.508934
     213         9         9  0.026681
     213        10        10  0.723238
     213        11        11  0.522379
     213        12        12  -0.582788
     213        13        13  -1.118521
     213        14        14  -0.788354
     214         1         1  -0.032437
     214         2         2  1.121551
     214         3         3  0.314274
     214         4         4  -0.163003
     214         5         5  0.129513
     214         6         6  -0.703229
     214         7         7  -1.329446
     214         8         8  0.863736
     214         9         9  -1.156447
     214        10        10  0.120184
     214        11        11  -0.802049
     214        12        12  1.383056
     214        13        13  -1.342231
     214        14        14  1.400934
     215         1         1  -1.261127
     215         2         2  0.149270
     215         3         3  0.583529
     215         4         4  -0.488755
     215         5         5  0.938983
     215         6         6  -0.108826
     215         7         7  0.729032
     215         8         8  -0.132386
     215         9         9  1.247259
     215        10        10  0.541831
     215        11        11  -0.708026
     215        12        12  -0.765149
     215        13        13  -0.767334
     215        14        14  -0.175384
     216         1         1  0.295132
     216         2         2  -0.497913
     216         3         3  -0.359274
     216         4         4  -0.850143
     216         5         5  0.526959
     216         6         6  0.328043
     216         7         7  -0.818255
     216         8         8  0.784941
     216         9         9  0.028978
     216        10        10  0.315830
     216        11        11  -1.795090
     216        12        12  0.330092
     216        13        13  -0.281695
     216        14        14  0.747629
     217         1         1  0.500658
     217         2         2  1.956614
     217         3         3  0.990778
     217         4         4  0.061696
     217         5         5  -1.572872
     217         6         6  -1.027600
     217         7         7  -1.649035
     217         8         8  -1.044325
     217         9         9  -0.402523
     217        10        10  -0.519063
     217        11        11  0.220928
     217        12        12  1.358820
     217        13        13  -0.814457
     217        14        14  -1.106427
     218         1         1  -0.244530
     218         2         2  -0.890681
     218         3         3  1.714101
     218         4         4  -2.935402
     218         5         5  0.104856
     218         6         6  -1.770911
     218         7         7  -1.715500
     218         8         8  -0.199079
     218         9         9  -1.411827
     218        10        10  0.636508
     218        11        11  -1.855758
     218        12        12  -1.389377
     218        13        13  -1.249071
     218        14        14  1.592990
     219         1         1  0.099153
     219         2         2  1.189939
     219         3         3  1.753998
     219         4         4  0.160649
     219         5         5  0.686641
     219         6         6  -0.005840
     219         7         7  -1.466094
     219         8         8  -0.690852
     219         9         9  1.701703
     219        10        10  -0.385026
     219        11        11  -1.188155
     219        12        12  -0.622478
     219        13        13  -0.505903
     219        14        14  -1.219704
     220         1         1  0.074105
     220         2         2  -1.511505
     220         3         3  -0.466371
     220         4         4  -0.434142
     220         5         5  -1.111541
     220         6         6  -0.381953
     220         7         7  0.966175
     220         8         8  2.197479
     220         9         9  0.006834
     220        10        10  -0.248542
     220        11        11  -0.601605
     220        12        12  -0.662040
     220        13        13  0.929433
     220        14        14  -0.037242
     221         1         1  0.405646
     221         2         2  1.849724
     221         3         3  -1.328308
     221         4         4  0.764815
     221         5         5  0.864693
     221         6         6  -0.482011
     221         7         7  1.150406
     221         8         8  -1.654770
     221         9         9  -0.399681
     221        10        10  -0.237165
     221        11        11  0.168518
     221        12        12  -0.471833
     221        13        13  0.020495
     221        14        14  2.473912
     222         1         1  -0.693736
     222         2         2  -1.029821
     222         3         3  0.935441
     222         4         4  0.515700
     222         5         5  -0.525189
     222         6         6  -0.337602
     222         7         7  -0.086427
     222         8         8  -0.717409
     222         9         9  0.450606
     222        10        10  0.828843
     222        11        11  -0.742463
     222        12        12  0.804843
     222        13        13  -1.073575
     222        14        14  0.881817
     223         1         1  1.121346
     223         2         2  -0.606529
     223         3         3  0.942706
     223         4         4  0.981106
     223         5         5  -1.187397
     223         6         6  -1.683829
     223         7         7  0.318742
     223         8         8  -0.746806
     223         9         9  0.258107
     223        10        10  0.204859
     223        11        11  1.111314
     223        12        12  -0.029735
     223        13        13  -0.005278
     223        14        14  1.690882
     224         1         1  -1.845700
     224         2         2  0.437830
     224         3         3  -0.767682
     224         4         4  1.060868
     224         5         5  0.439954
     224         6         6  -0.802763
     224         7         7  1.843262
     224         8         8  -0.038686
     224         9         9  1.537665
     224        10        10  -1.202365
     224        11        11  -1.288060
     224        12        12  -0.691472
     224        13        13  -0.963191
     224        14        14  1.669183
     225         1         1  -0.348728
     225         2         2  -0.565466
     225         3         3  0.915430
     225         4         4  1.449239
     225         5         5  -0.717925
     225         6         6  0.224248
     225         7         7  -0.697810
     225         8         8  -1.066491
     225         9         9  1.270609
     225        10        10  1.142766
     225        11        11  -0.126430
     225        12        12  -1.093545
     225        13        13  1.696612
     225        14        14  1.280828
     226         1         1  0.911956
     226         2         2  0.231440
     226         3         3  0.615569
     226         4         4  0.515021
     226         5         5  -0.277658
     226         6         6  -1.263032
     226         7         7  0.481601
     226         8         8  0.627642
     226         9         9  -1.361271
     226        10        10  0.783556
     226        11        11  0.058311
     226        12        12  -0.244017
     226        13        13  0.969062
     226        14        14  -1.835263
     227         1         1  1.195378
     227         2         2  1.399237
     227         3         3  -1.919957
     227         4         4  0.779282
     227         5         5  -0.675660
     227         6         6  -0.252100
     227         7         7  -0.580371
     227         8         8  0.169362
     227         9         9  1.064444
     227        10        10  0.909396
     227        11        11  -0.090310
     227        12        12  0.858049
     227        13        13  -0.836979
     227        14        14  -1.896641
     228         1         1  1.701186
     228         2         2  -0.157061
     228         3         3  0.807593
     228         4         4  1.913359
     228         5         5  0.025880
     228         6         6  -1.051322
     228         7         7  1.556408
     228         8         8  -1.792691
     228         9         9  -1.355532
     228        10        10  -1.028900
     228        11        11  1.273066
     228        12        12  -0.025970
     228        13        13  -0.723050
     228        14        14  0.967692
     229         1         1  0.414692
     229         2         2  -1.361370
     229         3         3  0.721002
     229         4         4  -0.876381
     229         5         5  0.388528
     229         6         6  0.990423
     229         7         7  0.080059
     229         8         8  -0.097878
     229         9         9  -0.515796
     229        10        10  1.778371
     229        11        11  1.880744
     229        12        12  -1.227749
     229        13        13  -0.377006
     229        14        14  -0.122314
     230         1         1  -0.989384
     230         2         2  0.813404
     230         3         3  0.614175
     230         4         4  -0.612623
     230         5         5  1.089980
     230         6         6  0.628144
     230         7         7  -1.317225
     230         8         8  0.638777
     230         9         9  0.070351
     230        10        10  -0.734456
     230        11        11  -0.688219
     230        12        12  1.285808
     230        13        13  0.084093
     230        14        14  -0.680779
     231         1         1  -1.603548
     231         2         2  1.435272
     231         3         3  -0.101881
     231         4         4  -0.680947
     231         5         5  -0.498381
     231         6         6  -1.186027
     231         7         7  1.743643
     231         8         8  -0.925994
     231         9         9  -0.006812
     231        10        10  -1.220260
     231        11        11  -1.826919
     231        12        12  -0.332545
     231        13        13  -1.331711
     231        14        14  0.607284
     232         1         1  1.483261
     232         2         2  -0.507570
     232         3         3  0.083867
     232         4         4  0.251842
     232         5         5  0.661319
     232         6         6  -0.037672
     232         7         7  0.199523
     232         8         8  0.521805
     232         9         9  0.724551
     232        10        10  2.311547
     232        11        11  -0.094984
     232        12        12  -0.717733
     232        13        13  0.649595
     232        14        14  0.254667
     233         1         1  -0.280685
     233         2         2  0.205489
     233         3         3  -1.307910
     233         4         4  0.141638
     233         5         5  0.106598
     233         6         6  0.191889
     233         7         7  -0.846307
     233         8         8  0.134353
     233         9         9  -0.887229
     233        10        10  0.395377
     233        11        11  1.255601
     233        12        12  0.488741
     233        13        13  0.112699
     233        14        14  0.835947
     234         1         1  0.159111
     234         2         2  -0.673149
     234         3         3  1.849515
     234         4         4  -0.945511
     234         5         5  3.182197
     234         6         6  0.152723
     234         7         7  1.358546
     234         8         8  -0.767275
     234         9         9  1.070048
     234        10        10  0.721129
     234        11        11  1.509716
     234        12        12  -1.432852
     234        13        13  -1.441709
     234        14        14  0.690043
     235         1         1  -1.527040
     235         2         2  0.822380
     235         3         3  -2.704551
     235         4         4  0.707441
     235         5         5  0.744119
     235         6         6  -0.767934
     235         7         7  -0.091101
     235         8         8  0.828761
     235         9         9  -0.188580
     235        10        10  0.313661
     235        11        11  -0.245397
     235        12        12  -0.497008
     235        13        13  -0.105201
     235        14        14  -0.124072
     236         1         1  0.261273
     236         2         2  -0.010099
     236         3         3  -0.990385
     236         4         4  -0.291631
     236         5         5  1.624796
     236         6         6  -0.244722
     236         7         7  0.094201
     236         8         8  -1.679739
     236         9         9  -0.456942
     236        10        10  0.857543
     236        11        11  -0.108430
     236        12        12  -0.021263
     236        13        13  0.395529
     236        14        14  0.844749
     237         1         1  1.569568
     237         2         2  1.108438
     237         3         3  -1.262893
     237         4         4  -0.161637
     237         5         5  -1.655205
     237         6         6  -0.235218
     237         7         7  0.479602
     237         8         8  1.511366
     237         9         9  0.484504
     237        10        10  -0.371500
     237        11        11  -0.243169
     237        12        12  0.750002
     237        13        13  -0.133383
     237        14        14  -1.131453
     238         1         1  -0.380770
     238         2         2  -0.224779
     238         3         3  -0.993675
     238         4         4  1.381274
     238         5         5  -0.757810
     238         6         6  0.184598
     238         7         7  0.752134
     238         8         8  1.688779
     238         9         9  -0.122290
     238        10        10  -0.714792
     238        11        11  0.043990
     238        12        12  -0.063675
     238        13        13  0.519106
     238        14        14  0.017389
     239         1         1  -0.513269
     239         2         2  0.746548
     239         3         3  -0.590969
     239         4         4  0.639535
     239         5         5  0.942160
     239         6         6  -0.916743
     239         7         7  -0.643669
     239         8         8  -0.323220
     239         9         9  1.633223
     239        10        10  -1.200965
     239        11        11  0.950293
     239        12        12  -1.512814
     239        13        13  0.105263
     239        14        14  1.229834
     240         1         1  -0.060606
     240         2         2  1.110831
     240         3         3  0.396358
     240         4         4  1.277370
     240         5         5  -0.462365
     240         6         6  -1.635649
     240         7         7  -0.882209
     240         8         8  -0.674075
     240         9         9  0.856473
     240        10        10  -0.060399
     240        11        11  0.019711
     240        12        12  -0.091172
     240        13        13  1.929638
     240        14        14  0.173683
     241         1         1  0.913422
     241         2         2  -0.549413
     241         3         3  -0.943961
     241         4         4  0.009843
     241         5         5  1.532447
     241         6         6  0.293049
     241         7         7  0.130635
     241         8         8  -2.014471
     241         9         9  0.814484
     241        10        10  -0.034769
     241        11        11  1.455633
     241        12        12  0.099885
     241        13        13  0.876597
     241        14        14  -1.049693
     242         1         1  -0.738209
     242         2         2  0.280695
     242         3         3  -1.360632
     242         4         4  0.245347
     242         5         5  1.799445
     242         6         6  0.013269
     242         7         7  0.967770
     242         8         8  0.830266
     242         9         9  0.033728
     242        10        10  -0.303540
     242        11        11  1.119451
     242        12        12  -0.354049
     242        13        13  -0.240698
     242        14        14  -0.342437
     243         1         1  2.006004
     243         2         2  -1.482839
     243         3         3  -1.439300
     243         4         4  2.216581
     243         5         5  0.875615
     243         6         6  0.292164
     243         7         7  0.888686
     243         8         8  -0.389916
     243         9         9  0.347679
     243        10        10  -0.489323
     243        11        11  -0.846336
     243        12        12  0.403849
     243        13        13  0.287347
     243        14        14  -0.443917
     244         1         1  0.172785
     244         2         2  1.900312
     244         3         3  0.272603
     244         4         4  0.726703
     244         5         5  0.511852
     244         6         6  1.345538
     244         7         7  -1.769796
     244         8         8  -1.294164
     244         9         9  -0.409939
     244        10        10  -0.688195
     244        11        11  -1.828688
     244        12        12  -0.765691
     244        13        13  -0.823379
     244        14        14  1.080945
     245         1         1  0.308186
     245         2         2  0.186145
     245         3         3  0.898357
     245         4         4  -0.743449
     245         5         5  -0.075690
     245         6         6  0.556337
     245         7         7  -0.864475
     245         8         8  -0.566687
     245         9         9  -0.741969
     245        10        10  -0.956369
     245        11        11  -0.317515
     245        12        12  0.292563
     245        13        13  0.009688
     245        14        14  1.614556
     246         1         1  -1.039779
     246         2         2  0.832421
     246         3         3  0.537257
     246         4         4  -1.398413
     246         5         5  0.925112
     246         6         6  -0.675872
     246         7         7  0.707978
     246         8         8  0.613478
     246         9         9  -0.891004
     246        10        10  -1.660939
     246        11        11  0.159914
     246        12        12  -0.794982
     246        13        13  -0.041736
     246        14        14  -2.061383
     247         1         1  -1.473514
     247         2         2  1.152393
     247         3         3  -0.438493
     247         4         4  0.504109
     247         5         5  -1.208013
     247         6         6  0.230356
     247         7         7  0.759466
     247         8         8  -1.761954
     247         9         9  1.198616
     247        10        10  1.104789
     247        11        11  0.038167
     247        12        12  1.490188
     247        13        13  0.089347
     247        14        14  -0.243311
     248         1         1  -2.746336
     248         2         2  -0.049613
     248         3         3  -0.440429
     248         4         4  0.234634
     248         5         5  0.943198
     248         6         6  -0.398963
     248         7         7  0.416374
     248         8         8  0.531533
     248         9         9  0.651164
     248        10        10  -0.514718
     248        11        11  0.484633
     248        12        12  -1.814755
     248        13        13  -1.952258
     248        14        14  1.068270
     249         1         1  1.478252
     249         2         2  0.376848
     249         3         3  -2.502644
     249         4         4  1.655810
     249         5         5  1.075960
     249         6         6  -0.858171
     249         7         7  -0.512060
     249         8         8  -0.056755
     249         9         9  -0.456543
     249        10        10  -0.458769
     249        11        11  0.849610
     249        12        12  1.204107
     249        13        13  -1.068059
     249        14        14  -0.129104
     250         1         1  0.020188
     250         2         2  -0.891412
     250         3         3  0.649687
     250         4         4  0.152359
     250         5         5  -0.382885
     250         6         6  1.427833
     250         7         7  -0.655527
     250         8         8  -0.031406
     250         9         9  1.668122
     250        10        10  -1.197085
     250        11        11  -0.766839
     250        12        12  1.112094
     250        13        13  0.472260
     250        14        14  -1.927392
     251         1         1  -1.453863
     251         2         2  -0.884212
     251         3         3  -0.021440
     251         4         4  -0.593795
     251         5         5  -0.809136
     251         6         6  0.430887
     251         7         7  1.963015
     251         8         8  0.234561
     251         9         9  1.092987
     251        10        10  0.492318
     251        11        11  -0.325166
     251        12        12  1.798460
     251        13        13  2.216807
     251        14        14  1.079338
     252         1         1  1.534869
     252         2         2  0.371841
     252         3         3  -1.012449
     252         4         4  -0.774023
     252         5         5  1.159465
     252         6         6  -0.970138
     252         7         7  0.184477
     252         8         8  0.291570
     252         9         9  -0.961444
     252        10        10  0.666964
     252        11        11  1.800094
     252        12        12  -0.736775
     252        13        13  0.132455
     252        14        14  0.262997
     253         1         1  0.954489
     253         2         2  -0.586851
     253         3         3  1.560027
     253         4         4  -1.042935
     253         5         5  0.381638
     253         6         6  0.887387
     253         7         7  0.184511
     253         8         8  -0.754798
     253         9         9  1.565282
     253        10        10  1.237297
     253        11        11  1.176964
     253        12        12  -0.342405
     253        13        13  -1.114386
     253        14        14  0.092081
     254         1         1  -1.224077
     254         2         2  1.387244
     254         3         3  -0.372585
     254         4         4  0.509773
     254         5         5  0.360958
     254         6         6  0.035019
     254         7         7  0.139409
     254         8         8  -0.150821
     254         9         9  1.185657
     254        10        10  0.116964
     254        11        11  -0.343743
     254        12        12  0.633964
     254        13        13  0.438526
     254        14        14  -0.522481
     255         1         1  1.009926
     255         2         2  0.495019
     255         3         3  1.841420
     255         4         4  -1.025282
     255         5         5  -0.324636
     255         6         6  -0.040893
     255         7         7  0.023694
     255         8         8  -0.502407
     255         9         9  0.517653
     255        10        10  1.457637
     255        11        11  -0.573257
     255        12        12  -0.817445
     255        13        13  -2.124887
     255        14        14  0.380403
     256         1         1  0.682853
     256         2         2  1.767961
     256         3         3  -0.592309
     256         4         4  -1.827287
     256         5         5  -0.943089
     256         6         6  -0.235698
     256         7         7  0.528194
     256         8         8  2.172202
     256         9         9  0.310343
     256        10        10  1.042920
     256        11        11  -0.439058
     256        12        12  -1.466022
     256        13        13  -0.972443
     256        14        14  -0.936755
     257         1         1  -0.178941
     257         2         2  -0.462819
     257         3         3  -1.888297
     257         4         4  0.829803
     257         5         5  0.382572
     257         6         6  -2.208490
     257         7         7  -0.415104
     257         8         8  0.072302
     257         9         9  -1.160824
     257        10        10  0.839326
     257        11        11  0.652148
     257        12        12  -1.739826
     257        13        13  -1.403674
     257        14        14  -1.186783
     258         1         1  1.491507
     258         2         2  -0.972279
     258         3         3  0.188622
     258         4         4  0.105321
     258         5         5  -0.845022
     258         6         6  1.553904
     258         7         7  -0.466741
     258         8         8  0.599696
     258         9         9  0.722524
     258        10        10  0.797792
     258        11        11  -0.363828
     258        12        12  -1.908427
     258        13        13  1.467849
     258        14        14  0.999780
     259         1         1  -0.184962
     259         2         2  0.768424
     259         3         3  0.865466
     259         4         4  -1.347885
     259         5         5  0.476048
     259         6         6  -0.033042
     259         7         7  -0.123798
     259         8         8  0.978310
     259         9         9  -0.473693
     259        10        10  2.044072
     259        11        11  -0.109288
     259        12        12  -1.383709
     259        13        13  0.824585
     259        14        14  -0.160598
     260         1         1  0.023996
     260         2         2  -0.457379
     260         3         3  -0.016061
     260         4         4  0.192976
     260         5         5  0.470435
     260         6         6  0.169898
     260         7         7  -1.897428
     260         8         8  0.646644
     260         9         9  -0.306524
     260        10        10  0.158494
     260        11        11  1.078190
     260        12        12  -0.072165
     260        13        13  0.571024
     260        14        14  1.715499
     261         1         1  1.360582
     261         2         2  0.815391
     261         3         3  -0.915263
     261         4         4  -0.076461
     261         5         5  -1.895336
     261         6         6  -0.179525
     261         7         7  0.315689
     261         8         8  -1.094686
     261         9         9  1.815139
     261        10        10  -1.790722
     261        11        11  -0.320791
     261        12        12  -1.279293
     261        13        13  0.053875
     261        14        14  0.175829
     262         1         1  -0.041330
     262         2         2  -0.164414
     262         3         3  -0.191965
     262         4         4  -0.765666
     262         5         5  -0.383525
     262         6         6  -0.351520
     262         7         7  -0.658621
     262         8         8  -0.178579
     262         9         9  0.417469
     262        10        10  0.135130
     262        11        11  -0.144727
     262        12        12  -0.609756
     262        13        13  0.193325
     262        14        14  1.726403
     263         1         1  0.420112
     263         2         2  2.341373
     263         3         3  -1.708271
     263         4         4  0.486822
     263         5         5  -0.004284
     263         6         6  -0.153068
     263         7         7  -0.609045
     263         8         8  0.345607
     263         9         9  -0.058388
     263        10        10  -0.089251
     263        11        11  -0.343889
     263        12        12  0.124614
     263        13        13  -0.118316
     263        14        14  0.253840
     264         1         1  -0.408238
     264         2         2  0.996365
     264         3         3  -1.121507
     264         4         4  -1.644511
     264         5         5  -1.320802
     264         6         6  0.425240
     264         7         7  -0.545697
     264         8         8  -2.655413
     264         9         9  -1.917447
     264        10        10  -0.422316
     264        11        11  1.010865
     264        12        12  -0.083691
     264        13        13  -0.617235
     264        14        14  1.716424
     265         1         1  -1.465898
     265         2         2  0.806926
     265         3         3  0.184573
     265         4         4  0.637202
     265         5         5  0.178419
     265         6         6  0.805383
     265         7         7  -0.739488
     265         8         8  1.350501
     265         9         9  0.348219
     265        10        10  2.271359
     265        11        11  -0.367557
     265        12        12  1.013239
     265        13        13  0.419657
     265        14        14  1.007743
     266         1         1  0.143108
     266         2         2  -0.982955
     266         3         3  -0.472021
     266         4         4  -0.996121
     266         5         5  -0.150221
     266         6         6  0.080683
     266         7         7  -0.820290
     266         8         8  0.045438
     266         9         9  1.081531
     266        10        10  -0.490994
     266        11        11  -2.590227
     266        12        12  -0.466586
     266        13        13  -0.861284
     266        14        14  0.876292
     267         1         1  0.000462
     267         2         2  -0.448537
     267         3         3  1.412321
     267         4         4  -2.624806
     267         5         5  -1.423513
     267         6         6  -0.031407
     267         7         7  0.068380
     267         8         8  0.676770
     267         9         9  1.122286
     267        10        10  -0.112750
     267        11        11  1.249592
     267        12        12  0.180091
     267        13        13  -1.230577
     267        14        14  -0.389791
     268         1         1  -0.160600
     268         2         2  -0.312122
     268         3         3  -1.126963
     268         4         4  -0.910624
     268         5         5  -0.314313
     268         6         6  0.528602
     268         7         7  -0.302660
     268         8         8  -1.376692
     268         9         9  -0.340776
     268        10        10  -0.108022
     268        11        11  -1.120257
     268        12        12  -0.962495
     268        13        13  -0.218408
     268        14        14  0.763234
     269         1         1  0.984149
     269         2         2  -0.093655
     269         3         3  -1.641961
     269         4         4  -0.213522
     269         5         5  -0.253939
     269         6         6  -1.769724
     269         7         7  0.739033
     269         8         8  -1.353386
     269         9         9  0.203258
     269        10        10  1.107298
     269        11        11  1.388768
     269        12        12  0.148998
     269        13        13  1.052702
     269        14        14  -0.805840
     270         1         1  0.234384
     270         2         2  -0.732450
     270         3         3  0.825319
     270         4         4  -1.123136
     270         5         5  0.013609
     270         6         6  1.095491
     270         7         7  -0.661311
     270         8         8  -0.312117
     270         9         9  1.843631
     270        10        10  -0.433945
     270        11        11  1.928231
     270        12        12  -0.663447
     270        13        13  0.363994
     270        14        14  -0.134916
     271         1         1  1.400043
     271         2         2  -1.772108
     271         3         3  -0.055551
     271         4         4  0.044352
     271         5         5  -0.188820
     271         6         6  -0.201893
     271         7         7  -0.165277
     271         8         8  -0.817252
     271         9         9  -0.241165
     271        10        10  1.303657
     271        11        11  0.723085
     271        12        12  0.013413
     271        13        13  1.146970
     271        14        14  -0.401043
     272         1         1  -0.459168
     272         2         2  -1.709869
     272         3         3  -0.030293
     272         4         4  -1.865107
     272         5         5  0.522469
     272         6         6  1.059614
     272         7         7  0.266227
     272         8         8  0.597912
     272         9         9  -0.019392
     272        10        10  0.501619
     272        11        11  -0.495701
     272        12        12  0.047713
     272        13        13  0.942684
     272        14        14  0.573348
     273         1         1  0.458313
     273         2         2  -0.910266
     273         3         3  -0.508094
     273         4         4  -1.169871
     273         5         5  0.123112
     273         6         6  -1.562194
     273         7         7  -1.494796
     273         8         8  -0.480721
     273         9         9  -1.438590
     273        10        10  -0.168683
     273        11        11  0.038280
     273        12        12  -1.396622
     273        13        13  0.912785
     273        14        14  -1.058102
     274         1         1  1.275633
     274         2         2  0.485876
     274         3         3  0.388493
     274         4         4  0.121195
     274         5         5  -0.151677
     274         6         6  0.046628
     274         7         7  -1.062943
     274         8         8  -0.788671
     274         9         9  0.801657
     274        10        10  0.387714
     274        11        11  -0.973966
     274        12        12  0.777341
     274        13        13  0.637601
     274        14        14  -1.177851
     275         1         1  0.276970
     275         2         2  0.832993
     275         3         3  -1.244217
     275         4         4  0.955591
     275         5         5  -1.352952
     275         6         6  -1.049047
     275         7         7  0.205788
     275         8         8  1.292963
     275         9         9  -1.267059
     275        10        10  0.009273
     275        11        11  0.353597
     275        12        12  -0.061947
     275        13        13  2.181275
     275        14        14  0.808376
     276         1         1  -0.136440
     276         2         2  -0.424936
     276         3         3  0.103277
     276         4         4  -0.626529
     276         5         5  1.199760
     276         6         6  -0.526855
     276         7         7  1.453458
     276         8         8  1.073857
     276         9         9  -0.986926
     276        10        10  -0.801841
     276        11        11  0.075551
     276        12        12  -1.259239
     276        13        13  0.469410
     276        14        14  -0.079381
     277         1         1  -0.671710
     277         2         2  0.118481
     277         3         3  1.429057
     277         4         4  -0.895609
     277         5         5  0.318324
     277         6         6  -0.271056
     277         7         7  1.420285
     277         8         8  -0.400524
     277         9         9  -0.781397
     277        10        10  -1.287807
     277        11        11  -0.340300
     277        12        12  1.543372
     277        13        13  0.555778
     277        14        14  0.494190
     278         1         1  -0.742121
     278         2         2  -0.306814
     278         3         3  0.521244
     278         4         4  0.014620
     278         5         5  1.423682
     278         6         6  -0.981635
     278         7         7  -1.032238
     278         8         8  1.221146
     278         9         9  1.495188
     278        10        10  0.980614
     278        11        11  -0.676302
     278        12        12  0.440892
     278        13        13  -0.132796
     278        14        14  -1.315099
     279         1         1  -0.172702
     279         2         2  -0.367619
     279         3         3  -1.469635
     279         4         4  -1.640552
     279         5         5  -1.487302
     279         6         6  -0.519101
     279         7         7  1.697703
     279         8         8  -1.127238
     279         9         9  -0.111762
     279        10        10  -0.755475
     279        11        11  1.146309
     279        12        12  0.343884
     279        13        13  0.052603
     279        14        14  -1.152607
     280         1         1  0.227213
     280         2         2  1.195534
     280         3         3  0.968697
     280         4         4  -1.496911
     280         5         5  -0.970953
     280         6         6  2.678594
     280         7         7  -1.777627
     280         8         8  0.391355
     280         9         9  0.587323
     280        10        10  -0.790673
     280        11        11  0.790707
     280        12        12  -1.517499
     280        13        13  0.114051
     280        14        14  0.560068
     281         1         1  1.293249
     281         2         2  0.008293
     281         3         3  0.020296
     281         4         4  -0.563830
     281         5         5  -0.984478
     281         6         6  -0.078601
     281         7         7  -0.769030
     281         8         8  1.464140
     281         9         9  0.828011
     281        10        10  0.628713
     281        11        11  -0.295050
     281        12        12  0.790917
     281        13        13  0.613252
     281        14        14  -0.450920
     282         1         1  -0.475175
     282         2         2  -0.003358
     282         3         3  0.088845
     282         4         4  -0.388870
     282         5         5  1.746495
     282         6         6  -0.375152
     282         7         7  -0.073417
     282         8         8  1.214656
     282         9         9  -0.403002
     282        10        10  0.376608
     282        11        11  -0.526795
     282        12        12  0.081863
     282        13        13  -1.083488
     282        14        14  -1.663459
     283         1         1  -0.517353
     283         2         2  -1.552165
     283         3         3  0.594147
     283         4         4  -0.748911
     283         5         5  0.564832
     283         6         6  -0.412502
     283         7         7  1.214030
     283         8         8  0.852876
     283         9         9  -0.563976
     283        10        10  1.453481
     283        11        11  0.466669
     283        12        12  -1.586154
     283        13        13  2.064400
     283        14        14  0.865758
     284         1         1  0.526105
     284         2         2  -0.272766
     284         3         3  1.229700
     284         4         4  -0.607934
     284         5         5  -1.306155
     284         6         6  0.698733
     284         7         7  -0.447204
     284         8         8  0.502736
     284         9         9  0.679340
     284        10        10  -0.809821
     284        11        11  -0.035176
     284        12        12  -0.499259
     284        13        13  1.968811
     284        14        14  0.656756
     285         1         1  -0.600641
     285         2         2  -0.559409
     285         3         3  -0.357318
     285         4         4  0.112575
     285         5         5  -1.422365
     285         6         6  1.278156
     285         7         7  1.488527
     285         8         8  1.476480
     285         9         9  0.763575
     285        10        10  -1.038511
     285        11        11  -0.101270
     285        12        12  0.362606
     285        13        13  0.816793
     285        14        14  -0.561518
     286         1         1  0.007718
     286         2         2  0.838882
     286         3         3  1.622897
     286         4         4  0.191977
     286         5         5  0.143516
     286         6         6  -0.548479
     286         7         7  2.215140
     286         8         8  -1.539442
     286         9         9  1.282273
     286        10        10  -0.071103
     286        11        11  -0.658851
     286        12        12  0.419466
     286        13        13  0.110515
     286        14        14  0.987246
     287         1         1  2.307343
     287         2         2  -0.600670
     287         3         3  -1.505224
     287         4         4  0.573205
     287         5         5  -1.130630
     287         6         6  1.895354
     287         7         7  -0.226792
     287         8         8  -1.303038
     287         9         9  0.050215
     287        10        10  1.461887
     287        11        11  0.072028
     287        12        12  -0.004613
     287        13        13  -2.331856
     287        14        14  0.146409
     288         1         1  -0.771535
     288         2         2  -0.477216
     288         3         3  -0.814576
     288         4         4  0.188383
     288         5         5  -1.005708
     288         6         6  -0.554062
     288         7         7  -0.575623
     288         8         8  1.413678
     288         9         9  3.222736
     288        10        10  1.215664
     288        11        11  -0.541882
     288        12        12  0.951461
     288        13        13  -1.821446
     288        14        14  0.028273
     289         1         1  -1.243197
     289         2         2  1.409602
     289         3         3  -0.541499
     289         4         4  2.527318
     289         5         5  0.965787
     289         6         6  -1.497354
     289         7         7  -0.704715
     289         8         8  -0.313191
     289         9         9  0.934724
     289        10        10  -1.056579
     289        11        11  1.558714
     289        12        12  -0.762302
     289        13        13  0.662277
     289        14        14  -0.711816
     290         1         1  0.522699
     290         2         2  -0.360899
     290         3         3  -0.162294
     290         4         4  -1.294531
     290         5         5  0.443944
     290         6         6  0.168134
     290         7         7  1.649595
     290         8         8  -0.318445
     290         9         9  -0.732911
     290        10        10  -0.756103
     290        11        11  1.678545
     290        12        12  -0.040205
     290        13        13  -0.082283
     290        14        14  -1.559920
     291         1         1  -0.199778
     291         2         2  -0.403127
     291         3         3  -0.972071
     291         4         4  0.294490
     291         5         5  -0.103856
     291         6         6  0.804442
     291         7         7  -0.542620
     291         8         8  -0.389903
     291         9         9  -0.968452
     291        10        10  0.936834
     291        11        11  0.955914
     291        12        12  -0.485441
     291        13        13  -0.239374
     291        14        14  1.438745
     292         1         1  -0.315677
     292         2         2  -0.913452
     292         3         3  0.640486
     292         4         4  0.872722
     292         5         5  1.105984
     292         6         6  -2.096642
     292         7         7  1.292409
     292         8         8  -0.794092
     292         9         9  0.573772
     292        10        10  -0.228817
     292        11        11  0.194509
     292        12        12  -1.053322
     292        13        13  0.619200
     292        14        14  -0.149680
     293         1         1  -0.033201
     293         2         2  0.153454
     293         3         3  -0.554600
     293         4         4  0.783716
     293         5         5  -0.464114
     293         6         6  0.387657
     293         7         7  -0.614775
     293         8         8  -1.030344
     293         9         9  0.000865
     293        10        10  -1.642619
     293        11        11  -1.813308
     293        12        12  -1.780444
     293        13        13  0.579765
     293        14        14  -0.502247
     294         1         1  0.234412
     294         2         2  2.041367
     294         3         3  0.750930
     294         4         4  -0.582840
     294         5         5  1.353124
     294         6         6  -0.391955
     294         7         7  0.195103
     294         8         8  0.745777
     294         9         9  1.179719
     294        10        10  0.736639
     294        11        11  -1.585280
     294        12        12  -1.638472
     294        13        13  1.423680
     294        14        14  -0.076283
     295         1         1  0.410910
     295         2         2  -1.291008
     295         3         3  0.461624
     295         4         4  1.252388
     295         5         5  -0.032981
     295         6         6  -0.007456
     295         7         7  0.104369
     295         8         8  0.552944
     295         9         9  -0.209359
     295        10        10  -0.916121
     295        11        11  -0.746571
     295        12        12  -0.287968
     295        13        13  -0.921108
     295        14        14  -0.158739
     296         1         1  -1.122875
     296         2         2  1.740959
     296         3         3  0.168943
     296         4         4  -0.754837
     296         5         5  -0.185218
     296         6         6  1.924613
     296         7         7  0.231975
     296         8         8  0.099150
     296         9         9  0.277373
     296        10        10  1.110473
     296        11        11  -0.804967
     296        12        12  -0.245126
     296        13        13  0.570025
     296        14        14  -0.789842
     297         1         1  -1.263575
     297         2         2  -0.351337
     297         3         3  -0.477287
     297         4         4  -0.463952
     297         5         5  0.045806
     297         6         6  2.843144
     297         7         7  1.379558
     297         8         8  0.383409
     297         9         9  1.069105
     297        10        10  -0.785088
     297        11        11  -1.199240
     297        12        12  0.066678
     297        13        13  -1.557329
     297        14        14  -0.300033
     298         1         1  -1.784831
     298         2         2  -3.169957
     298         3         3  0.558026
     298         4         4  0.300449
     298         5         5  -2.267165
     298         6         6  -2.923068
     298         7         7  -1.830628
     298         8         8  2.552469
     298         9         9  -0.858586
     298        10        10  0.251313
     298        11        11  1.081848
     298        12        12  0.424552
     298        13        13  -1.553628
     298        14        14  -1.034050
     299         1         1  -0.859722
     299         2         2  1.001159
     299         3         3  -1.219087
     299         4         4  -0.377817
     299         5         5  0.026473
     299         6         6  0.930610
     299         7         7  1.023848
     299         8         8  -0.195520
     299         9         9  2.178193
     299        10        10  -0.420293
     299        11        11  0.890752
     299        12        12  -1.516739
     299        13        13  -0.024081
     299        14        14  0.478775
     300         1         1  -0.068759
     300         2         2  1.020014
     300         3         3  0.807828
     300         4         4  -0.749413
     300         5         5  2.111632
     300         6         6  0.686196
     300         7         7  1.038559
     300         8         8  0.374277
     300         9         9  -0.357777
     300        10        10  1.861714
     300        11        11  1.641264
     300        12        12  0.385314
     300        13        13  -1.573666
     300        14        14  0.660094
     301         1         1  -0.120627
     301         2         2  1.119086
     301         3         3  -0.400952
     301         4         4  0.364286
     301         5         5  0.401065
     301         6         6  0.012076
     301         7         7  -0.996479
     301         8         8  -0.981242
     301         9         9  0.340270
     301        10        10  -0.698948
     301        11        11  -0.798939
     301        12        12  1.228029
     301        13        13  1.015721
     301        14        14  -0.312554
     302         1         1  0.722453
     302         2         2  1.169677
     302         3         3  0.588278
     302         4         4  -0.075409
     302         5         5  0.333449
     302         6         6  2.280227
     302         7         7  0.521839
     302         8         8  1.975937
     302         9         9  -0.280264
     302        10        10  -0.403805
     302        11        11  -0.554311
     302        12        12  -0.712614
     302        13        13  -0.459740
     302        14        14  -0.561269
     303         1         1  0.317088
     303         2         2  -0.378353
     303         3         3  0.891072
     303         4         4  1.110150
     303         5         5  -2.150805
     303         6         6  -0.106681
     303         7         7  1.324323
     303         8         8  3.645347
     303         9         9  -1.239468
     303        10        10  0.747986
     303        11        11  0.588625
     303        12        12  0.069295
     303        13        13  -0.379199
     303        14        14  0.976831
     304         1         1  -0.815708
     304         2         2  1.003642
     304         3         3  0.602639
     304         4         4  -0.266069
     304         5         5  0.334502
     304         6         6  0.609715
     304         7         7  1.347990
     304         8         8  -0.020308
     304         9         9  0.283978
     304        10        10  0.060518
     304        11        11  0.352821
     304        12        12  -0.602878
     304        13        13  1.134669
     304        14        14  0.576307
     305         1         1  -2.118853
     305         2         2  -0.361302
     305         3         3  0.295394
     305         4         4  -0.328448
     305         5         5  -1.033475
     305         6         6  0.331203
     305         7         7  -0.611262
     305         8         8  -0.296262
     305         9         9  0.753368
     305        10        10  0.610638
     305        11        11  -0.636665
     305        12        12  0.650912
     305        13        13  1.000252
     305        14        14  1.100667
     306         1         1  -0.309983
     306         2         2  -0.947016
     306         3         3  0.553581
     306         4         4  -0.416930
     306         5         5  2.732429
     306         6         6  0.184587
     306         7         7  -1.078512
     306         8         8  -0.902242
     306         9         9  -0.007154
     306        10        10  0.293286
     306        11        11  -1.373912
     306        12        12  -0.098882
     306        13        13  -0.613020
     306        14        14  -0.763473
     307         1         1  -0.264950
     307         2         2  0.300200
     307         3         3  0.665856
     307         4         4  -1.665735
     307         5         5  0.360547
     307         6         6  0.672962
     307         7         7  -2.575505
     307         8         8  0.483047
     307         9         9  0.571458
     307        10        10  -0.010356
     307        11        11  -0.091780
     307        12        12  -1.799395
     307        13        13  0.611299
     307        14        14  -2.233876
     308         1         1  0.144148
     308         2         2  1.374139
     308         3         3  -0.635178
     308         4         4  1.045219
     308         5         5  0.002424
     308         6         6  -0.677680
     308         7         7  0.041307
     308         8         8  -0.703494
     308         9         9  0.356757
     308        10        10  0.543509
     308        11        11  0.870459
     308        12        12  -1.557979
     308        13        13  -0.841271
     308        14        14  -1.869304
     309         1         1  -0.329082
     309         2         2  -0.649451
     309         3         3  -1.023665
     309         4         4  1.569641
     309         5         5  1.008600
     309         6         6  -0.118197
     309         7         7  1.553858
     309         8         8  0.863573
     309         9         9  -0.160366
     309        10        10  0.074940
     309        11        11  1.667542
     309        12        12  1.360409
     309        13        13  0.743175
     309        14        14  1.128182
     310         1         1  -0.411082
     310         2         2  -0.597222
     310         3         3  -0.968744
     310         4         4  0.695370
     310         5         5  -0.357883
     310         6         6  -1.585672
     310         7         7  -2.404143
     310         8         8  0.474160
     310         9         9  -0.035844
     310        10        10  -2.053250
     310        11        11  0.985218
     310        12        12  0.875196
     310        13        13  0.105345
     310        14        14  -0.170464
     311         1         1  1.720355
     311         2         2  -0.481570
     311         3         3  0.657965
     311         4         4  0.859213
     311         5         5  -0.533332
     311         6         6  2.605133
     311         7         7  0.361863
     311         8         8  0.768597
     311         9         9  -0.177742
     311        10        10  0.214044
     311        11        11  0.792240
     311        12        12  0.019406
     311        13        13  -2.366126
     311        14        14  -0.056865
     312         1         1  0.097069
     312         2         2  -0.470811
     312         3         3  -0.025980
     312         4         4  -1.569664
     312         5         5  0.330724
     312         6         6  -1.561831
     312         7         7  -0.399454
     312         8         8  0.608718
     312         9         9  0.498271
     312        10        10  -0.421460
     312        11        11  -0.500334
     312        12        12  -1.106083
     312        13        13  -0.372899
     312        14        14  1.469768
     313         1         1  0.260493
     313         2         2  -0.648647
     313         3         3  0.515415
     313         4         4  -1.271521
     313         5         5  -0.440459
     313         6         6  -1.060137
     313         7         7  0.548793
     313         8         8  0.499715
     313         9         9  -0.073668
     313        10        10  -0.161909
     313        11        11  -0.356711
     313        12        12  -2.419331
     313        13        13  -0.198879
     313        14        14  1.052936
     314         1         1  -1.006966
     314         2         2  -0.322639
     314         3         3  0.117966
     314         4         4  -1.881818
     314         5         5  0.032800
     314         6         6  1.300777
     314         7         7  -2.123215
     314         8         8  0.453292
     314         9         9  -1.396629
     314        10        10  0.834537
     314        11        11  0.998515
     314        12        12  -0.797400
     314        13        13  0.659659
     314        14        14  0.158103
     315         1         1  -0.551880
     315         2         2  -1.092467
     315         3         3  -0.404072
     315         4         4  -0.474351
     315         5         5  -0.207592
     315         6         6  -1.746752
     315         7         7  0.874613
     315         8         8  -0.721836
     315         9         9  1.577144
     315        10        10  -0.351015
     315        11        11  -0.267562
     315        12        12  -0.449919
     315        13        13  0.900088
     315        14        14  2.337152
     316         1         1  0.783127
     316         2         2  0.108916
     316         3         3  -1.453776
     316         4         4  0.410924
     316         5         5  0.302967
     316         6         6  0.028685
     316         7         7  0.755175
     316         8         8  1.280580
     316         9         9  -1.102789
     316        10        10  1.955994
     316        11        11  0.236915
     316        12        12  1.332643
     316        13        13  -0.396492
     316        14        14  0.194950
     317         1         1  -0.875758
     317         2         2  1.154709
     317         3         3  -0.731860
     317         4         4  -1.527339
     317         5         5  -0.818978
     317         6         6  -0.776611
     317         7         7  -0.677660
     317         8         8  -0.145295
     317         9         9  0.896548
     317        10        10  0.675695
     317        11        11  -0.276723
     317        12        12  -1.156142
     317        13        13  -0.411209
     317        14        14  -0.067086
     318         1         1  1.823876
     318         2         2  -0.716396
     318         3         3  -1.833576
     318         4         4  -0.105679
     318         5         5  0.908299
     318         6         6  3.032746
     318         7         7  2.332045
     318         8         8  -0.171461
     318         9         9  -1.010636
     318        10        10  -1.674538
     318        11        11  0.820178
     318        12        12  -0.372330
     318        13        13  -0.168452
     318        14        14  -0.965214
     319         1         1  0.475874
     319         2         2  0.379375
     319         3         3  0.678407
     319         4         4  -0.271243
     319         5         5  0.490557
     319         6         6  -0.061071
     319         7         7  1.241488
     319         8         8  0.076960
     319         9         9  -0.385657
     319        10        10  0.412063
     319        11        11  0.874682
     319        12        12  1.087129
     319        13        13  0.703868
     319        14        14  -0.689384
     320         1         1  2.170742
     320         2         2  -0.065302
     320         3         3  -0.106766
     320         4         4  -0.776368
     320         5         5  0.258235
     320         6         6  -2.506100
     320         7         7  -0.840596
     320         8         8  0.742415
     320         9         9  -0.319589
     320        10        10  -0.830084
     320        11        11  -3.089235
     320        12        12  -0.795759
     320        13        13  1.149495
     320        14        14  0.327459
     321         1         1  0.749506
     321         2         2  -0.344347
     321         3         3  1.182184
     321         4         4  -1.300630
     321         5         5  -2.132502
     321         6         6  -0.743355
     321         7         7  -1.929551
     321         8         8  -0.719911
     321         9         9  0.590238
     321        10        10  -0.277405
     321        11        11  -0.982642
     321        12        12  -0.271861
     321        13        13  0.919097
     321        14        14  1.572194
     322         1         1  0.508185
     322         2         2  1.899840
     322         3         3  0.759943
     322         4         4  -1.760085
     322         5         5  0.977458
     322         6         6  0.759763
     322         7         7  1.735579
     322         8         8  1.886179
     322         9         9  0.179237
     322        10        10  -0.177956
     322        11        11  -1.166560
     322        12        12  1.167919
     322        13        13  0.934586
     322        14        14  0.352399
     323         1         1  0.752365
     323         2         2  -0.738359
     323         3         3  -0.882005
     323         4         4  2.891296
     323         5         5  1.123255
     323         6         6  0.751993
     323         7         7  1.095915
     323         8         8  -0.145170
     323         9         9  -1.939512
     323        10        10  1.103202
     323        11        11  0.582370
     323        12        12  1.263239
     323        13        13  -0.818531
     323        14        14  1.648044
     324         1         1  -1.419473
     324         2         2  -1.018061
     324         3         3  -0.165001
     324         4         4  -1.845235
     324         5         5  0.498390
     324         6         6  0.281802
     324         7         7  1.720406
     324         8         8  -0.314223
     324         9         9  -3.091380
     324        10        10  0.192790
     324        11        11  0.104198
     324        12        12  -0.405700
     324        13        13  0.777109
     324        14        14  -0.645187
     325         1         1  0.671247
     325         2         2  -0.185690
     325         3         3  -0.609215
     325         4         4  0.191813
     325         5         5  -0.682441
     325         6         6  1.234988
     325         7         7  1.901209
     325         8         8  0.376625
     325         9         9  -0.958172
     325        10        10  0.092252
     325        11        11  0.294814
     325        12        12  -1.246574
     325        13        13  0.452166
     325        14        14  0.356892
     326         1         1  0.342603
     326         2         2  0.508009
     326         3         3  0.476623
     326         4         4  0.037473
     326         5         5  0.091615
     326         6         6  -0.087658
     326         7         7  0.897427
     326         8         8  1.054003
     326         9         9  1.106420
     326        10        10  -0.269498
     326        11        11  0.372911
     326        12        12  -1.399809
     326        13        13  -1.405601
     326        14        14  -1.281109
     327         1         1  0.969349
     327         2         2  1.438623
     327         3         3  0.003665
     327         4         4  -0.505842
     327         5         5  -0.413366
     327         6         6  -1.380398
     327         7         7  -0.015097
     327         8         8  0.078282
     327         9         9  0.065650
     327        10        10  1.724508
     327        11        11  0.178214
     327        12        12  -0.417590
     327        13        13  -0.852384
     327        14        14  1.938959
     328         1         1  -0.186122
     328         2         2  0.603837
     328         3         3  -1.884400
     328         4         4  1.144587
     328         5         5  -1.190484
     328         6         6  -0.067214
     328         7         7  -0.947538
     328         8         8  0.009690
     328         9         9  0.405734
     328        10        10  -0.310634
     328        11        11  0.528144
     328        12        12  1.106412
     328        13        13  -0.128011
     328        14        14  1.351288
     329         1         1  -0.612018
     329         2         2  0.459740
     329         3         3  0.281286
     329         4         4  1.960055
     329         5         5  0.842059
     329         6         6  0.595067
     329         7         7  0.725026
     329         8         8  0.866250
     329         9         9  3.501181
     329        10        10  -0.949291
     329        11        11  -0.709882
     329        12        12  1.024194
     329        13        13  1.688498
     329        14        14  -0.178465
     330         1         1  1.121913
     330         2         2  -0.059118
     330         3         3  0.058977
     330         4         4  -0.232576
     330         5         5  0.271926
     330         6         6  1.403036
     330         7         7  1.444097
     330         8         8  -0.061625
     330         9         9  0.208746
     330        10        10  -1.396033
     330        11        11  -1.470768
     330        12        12  -1.467496
     330        13        13  0.505105
     330        14        14  0.468955
     331         1         1  0.416347
     331         2         2  -1.540935
     331         3         3  0.860593
     331         4         4  0.094959
     331         5         5  0.406882
     331         6         6  1.587256
     331         7         7  1.336081
     331         8         8  1.905553
     331         9         9  0.486602
     331        10        10  1.691108
     331        11        11  0.276402
     331        12        12  -0.024801
     331        13        13  0.072558
     331        14        14  -0.263072
     332         1         1  -0.023556
     332         2         2  0.351162
     332         3         3  -1.548161
     332         4         4  -0.373109
     332         5         5  -0.903019
     332         6         6  0.658512
     332         7         7  -0.432446
     332         8         8  -0.345112
     332         9         9  -0.425550
     332        10        10  0.753631
     332        11        11  -0.851322
     332        12        12  0.496253
     332        13        13  1.650013
     332        14        14  -0.641355
     333         1         1  -0.111381
     333         2         2  0.469673
     333         3         3  1.161507
     333         4         4  0.672158
     333         5         5  -1.173652
     333         6         6  1.428566
     333         7         7  -1.484882
     333         8         8  1.744771
     333         9         9  0.075384
     333        10        10  1.825755
     333        11        11  -0.528811
     333        12        12  1.019753
     333        13        13  0.946168
     333        14        14  0.222247
     334         1         1  0.916277
     334         2         2  -0.298209
     334         3         3  -0.224096
     334         4         4  1.826413
     334         5         5  1.942333
     334         6         6  -3.026926
     334         7         7  0.898524
     334         8         8  -0.738265
     334         9         9  -2.734682
     334        10        10  0.323408
     334        11        11  0.186235
     334        12        12  -0.188214
     334        13        13  -0.513594
     334        14        14  1.170420
     335         1         1  -0.107558
     335         2         2  -0.481929
     335         3         3  -0.462749
     335         4         4  -0.333570
     335         5         5  0.888756
     335         6         6  0.726795
     335         7         7  -0.832268
     335         8         8  0.122978
     335         9         9  -1.639702
     335        10        10  0.236263
     335        11        11  -0.947592
     335        12        12  0.713722
     335        13        13  1.198890
     335        14        14  0.312559
     336         1         1  0.505882
     336         2         2  0.869319
     336         3         3  -1.044239
     336         4         4  0.903026
     336         5         5  1.530178
     336         6         6  -0.420822
     336         7         7  0.943296
     336         8         8  -2.992299
     336         9         9  0.010989
     336        10        10  -0.755338
     336        11        11  0.366634
     336        12        12  0.442425
     336        13        13  0.953715
     336        14        14  1.026984
     337         1         1  -1.523747
     337         2         2  0.275194
     337         3         3  -0.230407
     337         4         4  -0.896301
     337         5         5  0.444363
     337         6         6  -0.661150
     337         7         7  -0.658008
     337         8         8  0.433492
     337         9         9  -1.630854
     337        10        10  0.717039
     337        11        11  0.156426
     337        12        12  -0.895923
     337        13        13  1.884283
     337        14        14  -0.496520
     338         1         1  -0.256979
     338         2         2  -0.432392
     338         3         3  -0.638250
     338         4         4  1.277213
     338         5         5  -2.391474
     338         6         6  1.410929
     338         7         7  0.767241
     338         8         8  0.202048
     338         9         9  0.302761
     338        10        10  -0.106636
     338        11        11  0.984949
     338        12        12  -0.295856
     338        13        13  1.627145
     338        14        14  -1.305358
     339         1         1  0.369881
     339         2         2  -0.323924
     339         3         3  -0.177979
     339         4         4  1.935778
     339         5         5  0.512226
     339         6         6  0.321883
     339         7         7  -1.389121
     339         8         8  0.980933
     339         9         9  -1.059732
     339        10        10  -0.022728
     339        11        11  2.290775
     339        12        12  -0.187346
     339        13        13  -1.183521
     339        14        14  -1.323609
     340         1         1  -0.517958
     340         2         2  -0.136122
     340         3         3  0.286176
     340         4         4  0.061146
     340         5         5  -1.244395
     340         6         6  0.823238
     340         7         7  0.842523
     340         8         8  -0.119664
     340         9         9  -0.458117
     340        10        10  0.174260
     340        11        11  -0.081390
     340        12        12  -0.531473
     340        13        13  -1.814260
     340        14        14  -1.719170
     341         1         1  -2.066367
     341         2         2  -0.943454
     341         3         3  0.507272
     341         4         4  -1.044008
     341         5         5  0.481849
     341         6         6  0.772761
     341         7         7  0.143366
     341         8         8  -0.345996
     341         9         9  -0.781422
     341        10        10  1.319111
     341        11        11  0.099622
     341        12        12  1.276313
     341        13        13  0.028119
     341        14        14  1.107211
     342         1         1  -2.459313
     342         2         2  -1.529590
     342         3         3  -0.769243
     342         4         4  -1.093625
     342         5         5  -1.218555
     342         6         6  0.117774
     342         7         7  1.211598
     342         8         8  1.125389
     342         9         9  -0.297630
     342        10        10  0.667070
     342        11        11  0.226969
     342        12        12  0.513145
     342        13        13  1.178270
     342        14        14  -1.236011
     343         1         1  -1.044157
     343         2         2  0.400471
     343         3         3  0.421518
     343         4         4  0.155450
     343         5         5  0.371326
     343         6         6  -0.713112
     343         7         7  -1.106961
     343         8         8  0.175998
     343         9         9  1.408490
     343        10        10  0.546217
     343        11        11  -0.069110
     343        12        12  0.025096
     343        13        13  -0.890030
     343        14        14  0.759629
     344         1         1  0.087555
     344         2         2  1.852318
     344         3         3  1.605239
     344         4         4  0.027206
     344         5         5  1.779714
     344         6         6  -0.393469
     344         7         7  -0.520192
     344         8         8  -0.621211
     344         9         9  -0.740026
     344        10        10  0.201724
     344        11        11  0.067174
     344        12        12  0.088984
     344        13        13  0.287875
     344        14        14  0.595790
     345         1         1  0.616559
     345         2         2  -0.963047
     345         3         3  -1.096891
     345         4         4  0.387917
     345         5         5  1.844794
     345         6         6  0.288481
     345         7         7  0.950358
     345         8         8  0.577513
     345         9         9  -0.299859
     345        10        10  -1.150883
     345        11        11  -1.131551
     345        12        12  1.554192
     345        13        13  -0.030684
     345        14        14  1.317055
     346         1         1  0.640855
     346         2         2  -1.754345
     346         3         3  -1.775736
     346         4         4  0.055089
     346         5         5  0.942289
     346         6         6  0.842840
     346         7         7  2.274458
     346         8         8  -1.827784
     346         9         9  -0.899198
     346        10        10  -1.672595
     346        11        11  0.431971
     346        12        12  -0.614560
     346        13        13  2.371438
     346        14        14  0.742712
     347         1         1  0.392818
     347         2         2  -0.515931
     347         3         3  1.957587
     347         4         4  1.205691
     347         5         5  -1.101992
     347         6         6  -1.556007
     347         7         7  1.179577
     347         8         8  0.726418
     347         9         9  -1.326968
     347        10        10  -0.042256
     347        11        11  1.330748
     347        12        12  0.330893
     347        13        13  0.815058
     347        14        14  -1.044133
     348         1         1  -0.313546
     348         2         2  -0.178745
     348         3         3  0.234730
     348         4         4  0.720418
     348         5         5  -0.694843
     348         6         6  -1.228942
     348         7         7  -0.838031
     348         8         8  1.588364
     348         9         9  0.054582
     348        10        10  0.583218
     348        11        11  0.294212
     348        12        12  2.611609
     348        13        13  -0.038122
     348        14        14  -3.019715
     349         1         1  0.866669
     349         2         2  -0.534127
     349         3         3  0.094371
     349         4         4  -1.244978
     349         5         5  -1.493299
     349         6         6  1.345645
     349         7         7  0.773330
     349         8         8  1.016695
     349         9         9  -1.310075
     349        10        10  2.067660
     349        11        11  -0.173950
     349        12        12  -1.731528
     349        13        13  0.014868
     349        14        14  1.823676
     350         1         1  -0.967723
     350         2         2  -1.256655
     350         3         3  0.633305
     350         4         4  1.029131
     350         5         5  0.636908
     350         6         6  0.190116
     350         7         7  -0.364051
     350         8         8  0.388312
     350         9         9  2.091013
     350        10        10  -1.165422
     350        11        11  0.045926
     350        12        12  -1.071675
     350        13        13  -0.113051
     350        14        14  0.936092
     351         1         1  -0.496039
     351         2         2  -0.897351
     351         3         3  0.418204
     351         4         4  0.234013
     351         5         5  -0.370180
     351         6         6  0.381324
     351         7         7  -1.755700
     351         8         8  -0.398582
     351         9         9  0.657220
     351        10        10  0.705707
     351        11        11  -0.735711
     351        12        12  -0.290426
     351        13        13  1.931593
     351        14        14  0.863000
     352         1         1  -2.061538
     352         2         2  -0.295924
     352         3         3  0.797791
     352         4         4  -0.869163
     352         5         5  1.971851
     352         6         6  0.615706
     352         7         7  0.116814
     352         8         8  -0.267544
     352         9         9  -0.752326
     352        10        10  0.586967
     352        11        11  0.491913
     352        12        12  0.939937
     352        13        13  -0.177279
     352        14        14  -0.891496
     353         1         1  1.737051
     353         2         2  0.255423
     353         3         3  -1.046363
     353         4         4  -0.086764
     353         5         5  -1.757411
     353         6         6  1.809745
     353         7         7  -0.652043
     353         8         8  0.777787
     353         9         9  -1.572239
     353        10        10  1.497409
     353        11        11  -2.247849
     353        12        12  -0.778525
     353        13        13  1.127599
     353        14        14  -1.949770
     354         1         1  -0.174173
     354         2         2  -0.574105
     354         3         3  -0.007230
     354         4         4  -0.905125
     354         5         5  -0.760275
     354         6         6  -0.325564
     354         7         7  -0.034064
     354         8         8  -0.435991
     354         9         9  -0.645783
     354        10        10  -0.360783
     354        11        11  0.669620
     354        12        12  0.176067
     354        13        13  2.464174
     354        14        14  -0.166940
     355         1         1  -0.489030
     355         2         2  0.647138
     355         3         3  0.577436
     355         4         4  2.069889
     355         5         5  -0.494894
     355         6         6  0.028703
     355         7         7  0.359180
     355         8         8  -1.324357
     355         9         9  0.119827
     355        10        10  0.374717
     355        11        11  0.593144
     355        12        12  0.154011
     355        13        13  1.463046
     355        14        14  -1.419127
     356         1         1  -1.540283
     356         2         2  -0.792754
     356         3         3  0.606020
     356         4         4  -1.258027
     356         5         5  0.374763
     356         6         6  -0.649538
     356         7         7  -0.184213
     356         8         8  0.456650
     356         9         9  -0.128074
     356        10        10  0.537887
     356        11        11  -0.897363
     356        12        12  0.223549
     356        13        13  1.686576
     356        14        14  -0.757042
     357         1         1  -1.622344
     357         2         2  -1.664393
     357         3         3  -1.391651
     357         4         4  -0.287345
     357         5         5  -0.010998
     357         6         6  0.849185
     357         7         7  -1.112289
     357         8         8  1.164117
     357         9         9  -0.388717
     357        10        10  -1.603261
     357        11        11  -1.968332
     357        12        12  -0.225744
     357        13        13  1.277893
     357        14        14  1.374192
     358         1         1  0.953411
     358         2         2  0.417719
     358         3         3  0.645446
     358         4         4  -1.203998
     358         5         5  1.003619
     358         6         6  -1.228610
     358         7         7  0.003287
     358         8         8  0.236753
     358         9         9  -1.182906
     358        10        10  -1.581925
     358        11        11  -1.447791
     358        12        12  -0.787408
     358        13        13  -0.163854
     358        14        14  0.389448
     359         1         1  -0.369472
     359         2         2  -1.520292
     359         3         3  0.397417
     359         4         4  -0.065560
     359         5         5  0.517803
     359         6         6  -1.137459
     359         7         7  -0.101636
     359         8         8  -1.010889
     359         9         9  -1.713892
     359        10        10  -0.131153
     359        11        11  0.919620
     359        12        12  -1.303936
     359        13        13  -0.191530
     359        14        14  0.913264
     360         1         1  0.195617
     360         2         2  0.853384
     360         3         3  0.590739
     360         4         4  0.655442
     360         5         5  1.547569
     360         6         6  -0.934436
     360         7         7  0.971261
     360         8         8  -0.237798
     360         9         9  0.033603
     360        10        10  -0.087194
     360        11        11  0.106071
     360        12        12  -0.919923
     360        13        13  2.876477
     360        14        14  0.680930
     361         1         1  0.456767
     361         2         2  -1.341344
     361         3         3  -1.385530
     361         4         4  -0.414855
     361         5         5  -0.512769
     361         6         6  1.121744
     361         7         7  -0.908469
     361         8         8  -0.379426
     361         9         9  -0.497211
     361        10        10  -0.527779
     361        11        11  0.726793
     361        12        12  0.205433
     361        13        13  -0.987219
     361        14        14  1.560565
     362         1         1  1.236503
     362         2         2  0.484974
     362         3         3  -0.809943
     362         4         4  -0.527932
     362         5         5  -0.964989
     362         6         6  -1.802332
     362         7         7  0.085278
     362         8         8  -0.680477
     362         9         9  -0.346262
     362        10        10  -1.772515
     362        11        11  -1.638716
     362        12        12  0.188641
     362        13        13  -0.403274
     362        14        14  0.488672
     363         1         1  0.750500
     363         2         2  -0.335259
     363         3         3  -1.796798
     363         4         4  0.009391
     363         5         5  0.084127
     363         6         6  -0.782798
     363         7         7  0.863412
     363         8         8  -0.877616
     363         9         9  1.605595
     363        10        10  1.487767
     363        11        11  -0.538798
     363        12        12  -2.706649
     363        13        13  -0.924925
     363        14        14  0.216811
     364         1         1  0.927532
     364         2         2  -0.444952
     364         3         3  0.473325
     364         4         4  0.392108
     364         5         5  -0.926263
     364         6         6  0.244947
     364         7         7  1.190129
     364         8         8  0.716708
     364         9         9  0.741176
     364        10        10  -0.497093
     364        11        11  0.043421
     364        12        12  -0.113368
     364        13        13  2.454417
     364        14        14  0.968648
     365         1         1  0.460883
     365         2         2  0.457302
     365         3         3  0.115663
     365         4         4  0.659894
     365         5         5  1.283267
     365         6         6  -0.903567
     365         7         7  -2.514835
     365         8         8  -0.965924
     365         9         9  -0.380812
     365        10        10  -0.139269
     365        11        11  0.235255
     365        12        12  0.064822
     365        13        13  -0.914681
     365        14        14  -0.584940
     366         1         1  -0.907650
     366         2         2  -1.016408
     366         3         3  0.164044
     366         4         4  -0.289720
     366         5         5  1.501916
     366         6         6  0.137779
     366         7         7  -0.637139
     366         8         8  1.067258
     366         9         9  -1.467841
     366        10        10  1.515195
     366        11        11  0.896550
     366        12        12  0.046936
     366        13        13  -0.304902
     366        14        14  0.012486
     367         1         1  1.332146
     367         2         2  -1.149721
     367         3         3  2.080704
     367         4         4  -1.097914
     367         5         5  0.017718
     367         6         6  -1.597965
     367         7         7  -2.543278
     367         8         8  -1.012023
     367         9         9  -0.201434
     367        10        10  -0.328129
     367        11        11  -0.038954
     367        12        12  -0.616819
     367        13        13  1.124727
     367        14        14  -1.201492
     368         1         1  -0.871216
     368         2         2  -0.140361
     368         3         3  -1.636685
     368         4         4  0.479627
     368         5         5  0.795970
     368         6         6  2.084100
     368         7         7  -2.314739
     368         8         8  -0.897282
     368         9         9  -0.154290
     368        10        10  0.370143
     368        11        11  -0.061311
     368        12        12  -0.781235
     368        13        13  1.447219
     368        14        14  0.297662
     369         1         1  -0.081761
     369         2         2  0.862300
     369         3         3  0.761608
     369         4         4  -0.018699
     369         5         5  0.198423
     369         6         6  -0.188824
     369         7         7  -0.088770
     369         8         8  -0.931691
     369         9         9  -0.369310
     369        10        10  0.405744
     369        11        11  0.702567
     369        12        12  2.015574
     369        13        13  -0.869837
     369        14        14  -0.888557
     370         1         1  1.053669
     370         2         2  1.485260
     370         3         3  -0.170630
     370         4         4  1.284494
     370         5         5  0.029675
     370         6         6  -0.328800
     370         7         7  -0.158542
     370         8         8  -1.731686
     370         9         9  -0.278426
     370        10        10  -0.200353
     370        11        11  -0.796345
     370        12        12  -1.383326
     370        13        13  -0.107427
     370        14        14  0.416875
     371         1         1  -0.339813
     371         2         2  -1.095855
     371         3         3  1.817060
     371         4         4  0.792373
     371         5         5  -0.696547
     371         6         6  -1.305930
     371         7         7  2.426017
     371         8         8  1.808764
     371         9         9  0.415520
     371        10        10  1.148032
     371        11        11  -1.021055
     371        12        12  0.885213
     371        13        13  0.116616
     371        14        14  -0.189305
     372         1         1  -0.097013
     372         2         2  -1.112427
     372         3         3  -1.899743
     372         4         4  -0.050563
     372         5         5  -0.104095
     372         6         6  0.799493
     372         7         7  0.177092
     372         8         8  -0.677841
     372         9         9  -0.086145
     372        10        10  -0.434216
     372        11        11  -0.049184
     372        12        12  -2.628179
     372        13        13  0.114993
     372        14        14  -0.939329
     373         1         1  -0.925113
     373         2         2  -0.465231
     373         3         3  0.214666
     373         4         4  0.397916
     373         5         5  -0.263940
     373         6         6  2.191030
     373         7         7  1.304918
     373         8         8  -1.763415
     373         9         9  -0.925378
     373        10        10  -0.450369
     373        11        11  -0.347010
     373        12        12  0.344623
     373        13        13  -0.529074
     373        14        14  0.090958
     374         1         1  0.428290
     374         2         2  0.790418
     374         3         3  1.089553
     374         4         4  -0.076649
     374         5         5  0.833561
     374         6         6  -1.047796
     374         7         7  0.750314
     374         8         8  -1.298593
     374         9         9  -2.034103
     374        10        10  1.163428
     374        11        11  -1.526902
     374        12        12  -1.030994
     374        13        13  0.284689
     374        14        14  -0.559353
     375         1         1  0.685171
     375         2         2  -0.113969
     375         3         3  0.968488
     375         4         4  0.046396
     375         5         5  -0.241705
     375         6         6  -0.827628
     375         7         7  -1.260065
     375         8         8  -0.066645
     375         9         9  1.227866
     375        10        10  0.500330
     375        11        11  0.064013
     375        12        12  -1.152562
     375        13        13  0.381297
     375        14        14  2.607015
     376         1         1  1.101315
     376         2         2  1.247810
     376         3         3  0.212126
     376         4         4  0.947915
     376         5         5  0.643884
     376         6         6  1.516486
     376         7         7  0.011651
     376         8         8  -1.281314
     376         9         9  0.717748
     376        10        10  0.527865
     376        11        11  0.560032
     376        12        12  0.781280
     376        13        13  0.599410
     376        14        14  0.062291
     377         1         1  1.004063
     377         2         2  0.040597
     377         3         3  0.721544
     377         4         4  1.400610
     377         5         5  1.001775
     377         6         6  0.338702
     377         7         7  -0.363689
     377         8         8  -1.699866
     377         9         9  0.938044
     377        10        10  0.024909
     377        11        11  -1.385836
     377        12        12  -2.208924
     377        13        13  2.001808
     377        14        14  -0.690698
     378         1         1  -0.335039
     378         2         2  -0.290182
     378         3         3  -0.484347
     378         4         4  0.470763
     378         5         5  0.886601
     378         6         6  -0.470688
     378         7         7  -3.229615
     378         8         8  0.199867
     378         9         9  0.500006
     378        10        10  -0.426330
     378        11        11  -0.167778
     378        12        12  0.488082
     378        13        13  0.462288
     378        14        14  -0.724021
     379         1         1  1.177701
     379         2         2  0.344727
     379         3         3  0.036275
     379         4         4  -0.255602
     379         5         5  0.149525
     379         6         6  -0.687709
     379         7         7  1.084089
     379         8         8  0.409202
     379         9         9  0.137756
     379        10        10  0.201489
     379        11        11  -0.415141
     379        12        12  0.746057
     379        13        13  -0.729252
     379        14        14  -0.223816
     380         1         1  0.006565
     380         2         2  0.211212
     380         3         3  -0.881284
     380         4         4  -2.033069
     380         5         5  -0.347776
     380         6         6  -0.866127
     380         7         7  0.884185
     380         8         8  1.463580
     380         9         9  0.358522
     380        10        10  0.003660
     380        11        11  0.063046
     380        12        12  0.229548
     380        13        13  -0.990432
     380        14        14  0.127523
     381         1         1  1.297998
     381         2         2  0.309494
     381         3         3  0.005170
     381         4         4  0.316714
     381         5         5  0.760611
     381         6         6  0.686863
     381         7         7  1.469582
     381         8         8  -0.231408
     381         9         9  1.003206
     381        10        10  -0.473126
     381        11        11  0.760368
     381        12        12  0.668732
     381        13        13  0.371871
     381        14        14  1.903118
     382         1         1  -2.025666
     382         2         2  -1.508671
     382         3         3  -0.573055
     382         4         4  -0.674638
     382         5         5  -1.444130
     382         6         6  0.485670
     382         7         7  0.497694
     382         8         8  -0.115108
     382         9         9  -1.436239
     382        10        10  -1.225495
     382        11        11  -0.060241
     382        12        12  0.701874
     382        13        13  -0.072488
     382        14        14  0.552829
     383         1         1  -0.149795
     383         2         2  0.568757
     383         3         3  0.158500
     383         4         4  1.571474
     383         5         5  0.430124
     383         6         6  0.465382
     383         7         7  0.980026
     383         8         8  0.161538
     383         9         9  -0.123153
     383        10        10  -1.379292
     383        11        11  -2.193154
     383        12        12  1.254036
     383        13        13  -1.821818
     383        14        14  -0.451942
     384         1         1  1.704381
     384         2         2  -0.781268
     384         3         3  1.283714
     384         4         4  1.779891
     384         5         5  -0.724665
     384         6         6  0.059396
     384         7         7  0.404377
     384         8         8  0.571066
     384         9         9  0.485705
     384        10        10  0.935180
     384        11        11  0.583827
     384        12        12  1.447034
     384        13        13  1.817361
     384        14        14  -1.206219
     385         1         1  -0.174264
     385         2         2  -1.277337
     385         3         3  0.439325
     385         4         4  -0.862752
     385         5         5  0.338951
     385         6         6  -0.824484
     385         7         7  -0.663845
     385         8         8  0.946964
     385         9         9  1.214415
     385        10        10  0.756315
     385        11        11  2.140940
     385        12        12  -0.842348
     385        13        13  -2.332303
     385        14        14  1.290586
     386         1         1  -0.682912
     386         2         2  -0.807469
     386         3         3  0.078818
     386         4         4  -0.070898
     386         5         5  -0.344318
     386         6         6  -0.292196
     386         7         7  -0.542219
     386         8         8  -2.351935
     386         9         9  0.400890
     386        10        10  0.567620
     386        11        11  0.542926
     386        12        12  3.207657
     386        13        13  1.876810
     386        14        14  0.410014
     387         1         1  1.221972
     387         2         2  -0.596374
     387         3         3  -0.908290
     387         4         4  2.535042
     387         5         5  0.254677
     387         6         6  -0.663825
     387         7         7  0.546491
     387         8         8  -0.813821
     387         9         9  1.552530
     387        10        10  0.189692
     387        11        11  0.381955
     387        12        12  1.362260
     387        13        13  -1.894173
     387        14        14  -0.327992
     388         1         1  1.801448
     388         2         2  -0.998831
     388         3         3  2.763819
     388         4         4  -0.238538
     388         5         5  -1.472688
     388         6         6  -0.103283
     388         7         7  1.248886
     388         8         8  -0.730750
     388         9         9  0.244450
     388        10        10  0.527118
     388        11        11  0.843936
     388        12        12  0.355136
     388        13        13  1.289972
     388        14        14  -0.036327
     389         1         1  -0.300073
     389         2         2  -0.491473
     389         3         3  -1.856164
     389         4         4  0.202580
     389         5         5  0.778458
     389         6         6  1.629729
     389         7         7  0.103552
     389         8         8  0.298518
     389         9         9  -0.149457
     389        10        10  -0.778273
     389        11        11  0.134242
     389        12        12  -0.129497
     389        13        13  -0.269874
     389        14        14  -0.498271
     390         1         1  -0.504752
     390         2         2  -0.418834
     390         3         3  0.174059
     390         4         4  -1.158613
     390         5         5  0.111187
     390         6         6  -1.282248
     390         7         7  -1.925433
     390         8         8  -0.834295
     390         9         9  -0.882457
     390        10        10  1.559367
     390        11        11  -1.007245
     390        12        12  0.808032
     390        13        13  -1.310443
     390        14        14  -0.334851
     391         1         1  -0.487069
     391         2         2  0.277609
     391         3         3  -0.301222
     391         4         4  -0.362866
     391         5         5  0.124735
     391         6         6  1.297855
     391         7         7  -0.975020
     391         8         8  -0.534556
     391         9         9  -1.368643
     391        10        10  0.097138
     391        11        11  0.696645
     391        12        12  -0.980937
     391        13        13  1.191488
     391        14        14  0.464073
     392         1         1  -1.256434
     392         2         2  -1.149610
     392         3         3  0.002818
     392         4         4  1.357823
     392         5         5  2.183733
     392         6         6  2.112643
     392         7         7  1.257209
     392         8         8  1.362458
     392         9         9  -0.181791
     392        10        10  -1.028744
     392        11        11  1.355334
     392        12        12  1.183027
     392        13        13  -2.205149
     392        14        14  0.882631
     393         1         1  -0.549902
     393         2         2  1.221612
     393         3         3  -0.028019
     393         4         4  0.960472
     393         5         5  -0.529006
     393         6         6  -0.569842
     393         7         7  -0.668042
     393         8         8  0.000338
     393         9         9  0.279066
     393        10        10  -0.880102
     393        11        11  -0.199529
     393        12        12  0.221654
     393        13        13  -0.214001
     393        14        14  1.511013
     394         1         1  1.160799
     394         2         2  1.384777
     394         3         3  -0.110898
     394         4         4  0.462051
     394         5         5  -0.636156
     394         6         6  -1.452579
     394         7         7  1.114398
     394         8         8  0.491170
     394         9         9  -1.080167
     394        10        10  0.618618
     394        11        11  -0.273267
     394        12        12  0.196312
     394        13        13  -0.583750
     394        14        14  -0.594667
     395         1         1  1.180252
     395         2         2  1.301982
     395         3         3  -1.561579
     395         4         4  -0.593408
     395         5         5  0.612870
     395         6         6  -0.134754
     395         7         7  0.641511
     395         8         8  0.167645
     395         9         9  -1.520596
     395        10        10  -1.099491
     395        11        11  -0.883854
     395        12        12  -0.389436
     395        13        13  0.129786
     395        14        14  0.613961
     396         1         1  -1.299529
     396         2         2  0.439013
     396         3         3  -1.318390
     396         4         4  -0.651713
     396         5         5  -0.311814
     396         6         6  1.555330
     396         7         7  1.381674
     396         8         8  -1.525770
     396         9         9  1.161184
     396        10        10  -0.857329
     396        11        11  0.286504
     396        12        12  -1.218146
     396        13        13  -0.548058
     396        14        14  -0.768526
     397         1         1  0.662807
     397         2         2  -2.043389
     397         3         3  0.201660
     397         4         4  2.662635
     397         5         5  1.410408
     397         6         6  -1.652599
     397         7         7  1.314884
     397         8         8  0.440362
     397         9         9  0.217313
     397        10        10  -1.922892
     397        11        11  -1.758108
     397        12        12  0.716566
     397        13        13  1.302888
     397        14        14  2.087192
     398         1         1  -0.006099
     398         2         2  -0.005846
     398         3         3  -0.652614
     398         4         4  0.117949
     398         5         5  -0.503246
     398         6         6  0.631875
     398         7         7  -0.288498
     398         8         8  0.817567
     398         9         9  -0.042023
     398        10        10  -1.705917
     398        11        11  1.972200
     398        12        12  0.194026
     398        13        13  0.887284
     398        14        14  1.039160
     399         1         1  -0.669127
     399         2         2  0.186220
     399         3         3  -0.167681
     399         4         4  -0.040912
     399         5         5  -1.071383
     399         6         6  0.884876
     399         7         7  -0.093587
     399         8         8  0.596012
     399         9         9  2.118290
     399        10        10  0.547259
     399        11        11  0.262959
     399        12        12  -1.623136
     399        13        13  0.826362
     399        14        14  -0.939433
     400         1         1  -0.382907
     400         2         2  -0.507909
     400         3         3  0.161457
     400         4         4  0.509562
     400         5         5  -0.616165
     400         6         6  -0.232159
     400         7         7  1.001399
     400         8         8  -1.200559
     400         9         9  0.296056
     400        10        10  2.048848
     400        11        11  -0.221488
     400        12        12  -0.855699
     400        13        13  0.077455
     400        14        14  -0.646562
     401         1         1  -1.056327
     401         2         2  -1.371957
     401         3         3  0.202543
     401         4         4  0.395904
     401         5         5  -0.281134
     401         6         6  -1.159987
     401         7         7  -0.496600
     401         8         8  0.692068
     401         9         9  -0.698878
     401        10        10  -0.502185
     401        11        11  0.050093
     401        12        12  0.270445
     401        13        13  -0.284417
     401        14        14  -0.165589
     402         1         1  -1.220166
     402         2         2  0.060178
     402         3         3  -0.903858
     402         4         4  0.043530
     402         5         5  0.610487
     402         6         6  -0.614773
     402         7         7  -0.812697
     402         8         8  0.367309
     402         9         9  0.962463
     402        10        10  0.966182
     402        11        11  -0.156341
     402        12        12  0.206145
     402        13        13  -0.697099
     402        14        14  -1.457412
     403         1         1  1.306001
     403         2         2  0.852568
     403         3         3  0.168974
     403         4         4  -1.440216
     403         5         5  -0.626134
     403         6         6  0.051588
     403         7         7  0.151312
     403         8         8  -1.467104
     403         9         9  -0.319648
     403        10        10  1.965804
     403        11        11  0.427215
     403        12        12  -0.131535
     403        13        13  -0.388303
     403        14        14  -1.537878
     404         1         1  -0.308754
     404         2         2  0.084885
     404         3         3  -0.589437
     404         4         4  1.066241
     404         5         5  0.045473
     404         6         6  1.050305
     404         7         7  -0.059827
     404         8         8  -0.121242
     404         9         9  0.787644
     404        10        10  -1.260508
     404        11        11  0.270258
     404        12        12  0.520227
     404        13        13  2.199346
     404        14        14  -0.413002
     405         1         1  0.546902
     405         2         2  1.027456
     405         3         3  1.238048
     405         4         4  1.338146
     405         5         5  -1.264563
     405         6         6  0.566952
     405         7         7  0.127222
     405         8         8  0.595179
     405         9         9  -0.282528
     405        10        10  -0.109252
     405        11        11  -0.078660
     405        12        12  -0.378567
     405        13        13  -0.173557
     405        14        14  -0.720502
     406         1         1  -0.938008
     406         2         2  1.138303
     406         3         3  -0.119728
     406         4         4  -0.520506
     406         5         5  -1.342396
     406         6         6  1.515758
     406         7         7  -0.250009
     406         8         8  0.799756
     406         9         9  0.549962
     406        10        10  1.333068
     406        11        11  -0.042926
     406        12        12  -1.079902
     406        13        13  1.767662
     406        14        14  0.473432
     407         1         1  -1.609777
     407         2         2  1.351695
     407         3         3  -0.285719
     407         4         4  0.041060
     407         5         5  0.046497
     407         6         6  -0.034869
     407         7         7  -0.476954
     407         8         8  -0.372204
     407         9         9  -1.146311
     407        10        10  0.999058
     407        11        11  -0.239413
     407        12        12  -0.103248
     407        13        13  0.669775
     407        14        14  0.467396
     408         1         1  0.812839
     408         2         2  0.478300
     408         3         3  -0.406624
     408         4         4  0.575208
     408         5         5  -1.241511
     408         6         6  0.181981
     408         7         7  0.380422
     408         8         8  -0.208274
     408         9         9  0.561990
     408        10        10  1.630562
     408        11        11  -0.875974
     408        12        12  0.753203
     408        13        13  -0.604227
     408        14        14  -0.063790
     409         1         1  -0.418990
     409         2         2  1.284904
     409         3         3  0.364076
     409         4         4  -0.682221
     409         5         5  0.139247
     409         6         6  -1.128668
     409         7         7  -0.830345
     409         8         8  0.473660
     409         9         9  -0.085125
     409        10        10  -0.000770
     409        11        11  0.688322
     409        12        12  -0.055148
     409        13        13  0.679676
     409        14        14  0.410166
     410         1         1  1.941708
     410         2         2  0.003325
     410         3         3  -0.772871
     410         4         4  -0.254532
     410         5         5  -1.048472
     410         6         6  0.416606
     410         7         7  -0.857611
     410         8         8  0.461790
     410         9         9  1.150413
     410        10        10  -0.345530
     410        11        11  1.477550
     410        12        12  -0.006859
     410        13        13  2.087867
     410        14        14  -1.235564
     411         1         1  -0.070648
     411         2         2  -0.180073
     411         3         3  -2.224895
     411         4         4  0.120858
     411         5         5  0.417398
     411         6         6  -1.125804
     411         7         7  -0.016395
     411         8         8  -0.977461
     411         9         9  -0.329590
     411        10        10  -2.090097
     411        11        11  0.010528
     411        12        12  0.199667
     411        13        13  1.824213
     411        14        14  -1.719107
     412         1         1  -1.100191
     412         2         2  1.180591
     412         3         3  0.007599
     412         4         4  1.305871
     412         5         5  0.447692
     412         6         6  1.116023
     412         7         7  0.165088
     412         8         8  -0.501841
     412         9         9  2.084696
     412        10        10  0.589400
     412        11        11  -0.694246
     412        12        12  -1.205291
     412        13        13  0.540538
     412        14        14  -0.966888
     413         1         1  -0.279895
     413         2         2  0.134143
     413         3         3  1.290053
     413         4         4  -0.821404
     413         5         5  0.014197
     413         6         6  -0.282843
     413         7         7  -1.418314
     413         8         8  -0.659376
     413         9         9  2.127372
     413        10        10  1.151987
     413        11        11  -1.744790
     413        12        12  0.566342
     413        13        13  0.068713
     413        14        14  1.073155
     414         1         1  0.071736
     414         2         2  0.896970
     414         3         3  0.593677
     414         4         4  1.698543
     414         5         5  -0.798085
     414         6         6  -0.922971
     414         7         7  1.176574
     414         8         8  -1.916606
     414         9         9  0.028953
     414        10        10  1.182688
     414        11        11  0.402929
     414        12        12  1.069833
     414        13        13  -0.587187
     414        14        14  -0.457395
     415         1         1  0.348815
     415         2         2  -0.559090
     415         3         3  0.409587
     415         4         4  0.254082
     415         5         5  -0.314549
     415         6         6  -0.975491
     415         7         7  0.887591
     415         8         8  1.129417
     415         9         9  0.535629
     415        10        10  0.259289
     415        11        11  0.166998
     415        12        12  0.430578
     415        13        13  0.576464
     415        14        14  -0.938045
     416         1         1  0.706571
     416         2         2  0.315757
     416         3         3  0.647823
     416         4         4  1.968850
     416         5         5  -0.052912
     416         6         6  1.625511
     416         7         7  0.030309
     416         8         8  -2.204099
     416         9         9  -0.800457
     416        10        10  0.358232
     416        11        11  -0.372367
     416        12        12  0.983292
     416        13        13  0.139765
     416        14        14  -1.897227
     417         1         1  -0.995346
     417         2         2  0.424655
     417         3         3  -0.197601
     417         4         4  2.765677
     417         5         5  0.566976
     417         6         6  0.107883
     417         7         7  -0.193383
     417         8         8  -0.734371
     417         9         9  1.433973
     417        10        10  0.182501
     417        11        11  0.511410
     417        12        12  1.539431
     417        13        13  0.527100
     417        14        14  -1.321998
     418         1         1  0.837002
     418         2         2  0.536444
     418         3         3  -1.581804
     418         4         4  -2.228040
     418         5         5  -1.126491
     418         6         6  -0.770348
     418         7         7  -1.088987
     418         8         8  -0.249132
     418         9         9  0.057548
     418        10        10  -1.405898
     418        11        11  0.327739
     418        12        12  -0.535569
     418        13        13  -1.236154
     418        14        14  1.348889
     419         1         1  1.538167
     419         2         2  -1.259270
     419         3         3  -0.367976
     419         4         4  0.983922
     419         5         5  0.300529
     419         6         6  1.664976
     419         7         7  -1.416703
     419         8         8  -0.013401
     419         9         9  0.300934
     419        10        10  -2.256461
     419        11        11  -1.529864
     419        12        12  0.788155
     419        13        13  0.535008
     419        14        14  -0.606669
     420         1         1  0.452969
     420         2         2  -0.402206
     420         3         3  -0.788130
     420         4         4  0.329391
     420         5         5  -0.439213
     420         6         6  0.224780
     420         7         7  1.485184
     420         8         8  -1.301008
     420         9         9  0.417686
     420        10        10  0.747329
     420        11        11  -1.170528
     420        12        12  0.235115
     420        13        13  1.068482
     420        14        14  0.444332
     421         1         1  0.535641
     421         2         2  1.961538
     421         3         3  0.159854
     421         4         4  -0.286459
     421         5         5  -0.989593
     421         6         6  -1.231922
     421         7         7  1.388530
     421         8         8  -0.747504
     421         9         9  0.615659
     421        10        10  0.195283
     421        11        11  0.778660
     421        12        12  -1.182304
     421        13        13  0.274949
     421        14        14  -0.158003
     422         1         1  -2.032770
     422         2         2  0.905948
     422         3         3  -0.928226
     422         4         4  -0.131630
     422         5         5  0.426555
     422         6         6  -0.902285
     422         7         7  2.111297
     422         8         8  -0.051497
     422         9         9  -0.104512
     422        10        10  1.477911
     422        11        11  1.727711
     422        12        12  -0.216976
     422        13        13  0.824298
     422        14        14  -0.529721
     423         1         1  -0.291898
     423         2         2  -0.042495
     423         3         3  -0.528471
     423         4         4  -1.371532
     423         5         5  0.725996
     423         6         6  -0.094213
     423         7         7  1.526115
     423         8         8  1.234231
     423         9         9  0.607527
     423        10        10  0.629706
     423        11        11  -1.341755
     423        12        12  0.702019
     423        13        13  0.063676
     423        14        14  0.303118
     424         1         1  0.893846
     424         2         2  -1.769046
     424         3         3  -1.679586
     424         4         4  1.501825
     424         5         5  0.342985
     424         6         6  -0.242479
     424         7         7  1.919165
     424         8         8  0.890914
     424         9         9  -1.128600
     424        10        10  -0.953019
     424        11        11  -0.381865
     424        12        12  0.030997
     424        13        13  -0.413356
     424        14        14  -0.940072
     425         1         1  0.588407
     425         2         2  -0.830953
     425         3         3  -0.665279
     425         4         4  -2.309058
     425         5         5  0.937122
     425         6         6  -0.534548
     425         7         7  -0.308021
     425         8         8  0.680688
     425         9         9  1.359454
     425        10        10  1.158390
     425        11        11  1.196737
     425        12        12  0.413902
     425        13        13  -0.447969
     425        14        14  -0.910242
     426         1         1  -1.300602
     426         2         2  -0.259335
     426         3         3  -0.237031
     426         4         4  -0.102037
     426         5         5  0.916561
     426         6         6  2.345684
     426         7         7  -0.445884
     426         8         8  0.906915
     426         9         9  0.795745
     426        10        10  -0.514460
     426        11        11  0.704276
     426        12        12  -1.299575
     426        13        13  -0.179753
     426        14        14  -0.017065
     427         1         1  -0.792230
     427         2         2  0.445649
     427         3         3  0.009763
     427         4         4  0.082596
     427         5         5  0.086811
     427         6         6  -0.305829
     427         7         7  0.357667
     427         8         8  -0.845202
     427         9         9  1.042070
     427        10        10  1.060920
     427        11        11  1.164265
     427        12        12  -1.469750
     427        13        13  0.082959
     427        14        14  1.160572
     428         1         1  0.131339
     428         2         2  -1.766482
     428         3         3  -0.304464
     428         4         4  -1.114212
     428         5         5  0.453392
     428         6         6  -0.613771
     428         7         7  -1.041148
     428         8         8  -0.500424
     428         9         9  0.484677
     428        10        10  1.809695
     428        11        11  -1.672266
     428        12        12  -1.050839
     428        13        13  -1.382041
     428        14        14  0.790785
     429         1         1  -0.388376
     429         2         2  -0.016655
     429         3         3  -0.474399
     429         4         4  -2.079685
     429         5         5  -0.371253
     429         6         6  0.259498
     429         7         7  2.854192
     429         8         8  1.373854
     429         9         9  0.043697
     429        10        10  1.757262
     429        11        11  0.430427
     429        12        12  -1.131520
     429        13        13  -0.425878
     429        14        14  1.037542
     430         1         1  -0.485918
     430         2         2  0.002329
     430         3         3  0.269230
     430         4         4  0.398241
     430         5         5  0.557264
     430         6         6  -0.243269
     430         7         7  -0.851234
     430         8         8  -1.735504
     430         9         9  0.837699
     430        10        10  0.087205
     430        11        11  0.505983
     430        12        12  1.211590
     430        13        13  1.212689
     430        14        14  -1.010033
     431         1         1  0.224952
     431         2         2  -0.822567
     431         3         3  0.854065
     431         4         4  0.549501
     431         5         5  0.143511
     431         6         6  0.713250
     431         7         7  -0.591560
     431         8         8  -0.000867
     431         9         9  0.114722
     431        10        10  -0.792684
     431        11        11  -0.347793
     431        12        12  -0.783176
     431        13        13  -0.299139
     431        14        14  0.963837
     432         1         1  -1.906376
     432         2         2  0.471593
     432         3         3  1.093109
     432         4         4  -2.614423
     432         5         5  -2.085511
     432         6         6  0.827947
     432         7         7  -2.685642
     432         8         8  -0.315165
     432         9         9  -1.902782
     432        10        10  0.021478
     432        11        11  -1.230993
     432        12        12  -0.322422
     432        13        13  0.647435
     432        14        14  1.714507
     433         1         1  -0.787526
     433         2         2  0.037718
     433         3         3  0.138114
     433         4         4  1.064858
     433         5         5  -1.914561
     433         6         6  -0.504968
     433         7         7  -1.086077
     433         8         8  -0.935184
     433         9         9  0.995368
     433        10        10  -0.441685
     433        11        11  1.192565
     433        12        12  -1.083277
     433        13        13  -0.176913
     433        14        14  0.549348
     434         1         1  1.145246
     434         2         2  0.742299
     434         3         3  -0.310474
     434         4         4  -0.972270
     434         5         5  0.395846
     434         6         6  1.196759
     434         7         7  2.414818
     434         8         8  1.380049
     434         9         9  -0.519047
     434        10        10  -0.306093
     434        11        11  -0.476491
     434        12        12  -0.156259
     434        13        13  -0.664869
     434        14        14  1.026665
     435         1         1  -0.064820
     435         2         2  1.934349
     435         3         3  0.979229
     435         4         4  0.097123
     435         5         5  0.591471
     435         6         6  0.129392
     435         7         7  -0.897604
     435         8         8  -1.928099
     435         9         9  1.473910
     435        10        10  1.133532
     435        11        11  0.484803
     435        12        12  -1.369694
     435        13        13  1.896606
     435        14        14  1.225912
     436         1         1  0.118825
     436         2         2  0.346715
     436         3         3  -1.136343
     436         4         4  -0.380454
     436         5         5  0.198176
     436         6         6  0.150813
     436         7         7  -0.178582
     436         8         8  -0.422644
     436         9         9  -0.324978
     436        10        10  -0.182952
     436        11        11  0.332667
     436        12        12  -1.722498
     436        13        13  -0.822970
     436        14        14  0.190006
     437         1         1  1.491650
     437         2         2  2.136735
     437         3         3  -0.667104
     437         4         4  0.343265
     437         5         5  -0.075129
     437         6         6  -2.449074
     437         7         7  -0.383630
     437         8         8  -0.092810
     437         9         9  1.021114
     437        10        10  -1.420590
     437        11        11  0.913951
     437        12        12  0.825379
     437        13        13  -1.900678
     437        14        14  -0.669415
     438         1         1  -0.339343
     438         2         2  0.484665
     438         3         3  -0.741298
     438         4         4  -0.767975
     438         5         5  1.844912
     438         6         6  -0.860562
     438         7         7  0.382348
     438         8         8  0.667603
     438         9         9  0.142848
     438        10        10  0.298829
     438        11        11  -2.323205
     438        12        12  0.354500
     438        13        13  0.257611
     438        14        14  0.215388
     439         1         1  -0.681851
     439         2         2  0.471112
     439         3         3  -1.250192
     439         4         4  0.622601
     439         5         5  0.598221
     439         6         6  0.291866
     439         7         7  0.918952
     439         8         8  0.167474
     439         9         9  -0.459499
     439        10        10  -0.277377
     439        11        11  0.202070
     439        12        12  1.644091
     439        13        13  0.005662
     439        14        14  0.775679
     440         1         1  -1.077423
     440         2         2  -0.351343
     440         3         3  0.149731
     440         4         4  1.450148
     440         5         5  0.134278
     440         6         6  -0.978996
     440         7         7  -1.080788
     440         8         8  -0.676496
     440         9         9  0.620943
     440        10        10  -0.857830
     440        11        11  0.532881
     440        12        12  0.254193
     440        13        13  -1.113299
     440        14        14  -1.559970
     441         1         1  -1.347512
     441         2         2  -0.297191
     441         3         3  -0.157013
     441         4         4  -1.530646
     441         5         5  0.540699
     441         6         6  2.027165
     441         7         7  -1.214726
     441         8         8  0.215025
     441         9         9  0.883574
     441        10        10  0.373594
     441        11        11  1.141358
     441        12        12  -0.829759
     441        13        13  -0.387664
     441        14        14  1.053833
     442         1         1  1.585384
     442         2         2  0.353030
     442         3         3  -1.349021
     442         4         4  -1.301892
     442         5         5  1.858698
     442         6         6  1.856708
     442         7         7  -0.465064
     442         8         8  -0.956486
     442         9         9  -0.092353
     442        10        10  0.153510
     442        11        11  -0.798867
     442        12        12  -1.281702
     442        13        13  -0.985184
     442        14        14  0.395787
     443         1         1  0.521589
     443         2         2  -1.173437
     443         3         3  -0.904734
     443         4         4  0.906369
     443         5         5  0.066059
     443         6         6  -1.272326
     443         7         7  -1.295032
     443         8         8  1.209281
     443         9         9  -0.604310
     443        10        10  1.784069
     443        11        11  1.183820
     443        12        12  1.592884
     443        13        13  -2.940529
     443        14        14  0.911945
     444         1         1  0.469954
     444         2         2  -0.916299
     444         3         3  0.689321
     444         4         4  -0.981781
     444         5         5  -1.509965
     444         6         6  -0.576523
     444         7         7  -0.256464
     444         8         8  0.126435
     444         9         9  1.735009
     444        10        10  -1.454986
     444        11        11  0.679368
     444        12        12  -1.137371
     444        13        13  -0.285278
     444        14        14  -0.932724
     445         1         1  0.559609
     445         2         2  1.004622
     445         3         3  -1.017144
     445         4         4  0.390955
     445         5         5  0.166793
     445         6         6  0.840938
     445         7         7  0.335328
     445         8         8  0.752043
     445         9         9  -0.253132
     445        10        10  0.254746
     445        11        11  -0.706447
     445        12        12  1.919979
     445        13        13  -0.088554
     445        14        14  0.385672
     446         1         1  -0.478124
     446         2         2  -1.694475
     446         3         3  -0.607660
     446         4         4  -0.200409
     446         5         5  -0.513062
     446         6         6  -0.893358
     446         7         7  0.195358
     446         8         8  -0.033906
     446         9         9  1.428873
     446        10        10  -0.040073
     446        11        11  1.407557
     446        12        12  0.190310
     446        13        13  -0.049213
     446        14        14  -0.703086
     447         1         1  0.238632
     447         2         2  0.988946
     447         3         3  0.420609
     447         4         4  -1.376188
     447         5         5  0.177711
     447         6         6  -1.393518
     447         7         7  -0.441397
     447         8         8  0.150543
     447         9         9  -1.440762
     447        10        10  0.710566
     447        11        11  1.168328
     447        12        12  0.894935
     447        13        13  -0.830153
     447        14        14  -0.627116
     448         1         1  1.440977
     448         2         2  -1.313503
     448         3         3  -0.669698
     448         4         4  -0.438866
     448         5         5  -2.625014
     448         6         6  -0.279291
     448         7         7  2.414795
     448         8         8  0.987337
     448         9         9  -0.636174
     448        10        10  2.070514
     448        11        11  -0.418275
     448        12        12  -2.537478
     448        13        13  -0.437033
     448        14        14  1.013726
     449         1         1  -0.186511
     449         2         2  -0.807241
     449         3         3  0.023310
     449         4         4  0.553481
     449         5         5  -1.030685
     449         6         6  0.609234
     449         7         7  1.017648
     449         8         8  -0.910170
     449         9         9  -0.765004
     449        10        10  -1.729490
     449        11        11  0.477335
     449        12        12  -1.433029
     449        13        13  0.035206
     449        14        14  0.271576
     450         1         1  -0.978910
     450         2         2  0.590538
     450         3         3  -0.303188
     450         4         4  -1.137110
     450         5         5  -0.823004
     450         6         6  0.192510
     450         7         7  0.320443
     450         8         8  1.776803
     450         9         9  1.546385
     450        10        10  0.003940
     450        11        11  1.838250
     450        12        12  -0.745939
     450        13        13  -0.475603
     450        14        14  -0.094480
     451         1         1  -0.252356
     451         2         2  1.749635
     451         3         3  0.002175
     451         4         4  0.667167
     451         5         5  -2.932019
     451         6         6  -2.127640
     451         7         7  1.730766
     451         8         8  1.400389
     451         9         9  -0.337194
     451        10        10  0.918155
     451        11        11  0.648379
     451        12        12  0.199182
     451        13        13  0.795241
     451        14        14  0.056421
     452         1         1  0.164937
     452         2         2  2.304250
     452         3         3  -0.218157
     452         4         4  -1.483636
     452         5         5  0.483112
     452         6         6  2.894616
     452         7         7  0.785194
     452         8         8  0.398396
     452         9         9  0.991182
     452        10        10  0.929347
     452        11        11  1.710925
     452        12        12  -0.462515
     452        13        13  -1.484548
     452        14        14  0.506296
     453         1         1  -0.331710
     453         2         2  0.001969
     453         3         3  0.064145
     453         4         4  0.477462
     453         5         5  -1.530137
     453         6         6  0.539254
     453         7         7  0.354499
     453         8         8  -0.191569
     453         9         9  -1.258347
     453        10        10  0.559652
     453        11        11  0.256082
     453        12        12  0.925697
     453        13        13  -3.402441
     453        14        14  0.670803
     454         1         1  -0.159215
     454         2         2  1.013373
     454         3         3  -0.734550
     454         4         4  -0.604600
     454         5         5  0.933228
     454         6         6  0.088021
     454         7         7  -0.529307
     454         8         8  1.395168
     454         9         9  0.542843
     454        10        10  0.537607
     454        11        11  0.267704
     454        12        12  0.368901
     454        13        13  1.160196
     454        14        14  2.422283
     455         1         1  1.199374
     455         2         2  0.451679
     455         3         3  0.571728
     455         4         4  1.103759
     455         5         5  0.067518
     455         6         6  0.585342
     455         7         7  1.095545
     455         8         8  0.219559
     455         9         9  -1.298171
     455        10        10  0.144264
     455        11        11  -1.199459
     455        12        12  -0.750707
     455        13        13  -0.926886
     455        14        14  -0.008346
     456         1         1  -0.658942
     456         2         2  0.627032
     456         3         3  -0.873209
     456         4         4  -0.454516
     456         5         5  0.511365
     456         6         6  1.011493
     456         7         7  -0.722167
     456         8         8  0.777094
     456         9         9  -0.464861
     456        10        10  -0.923379
     456        11        11  -1.002295
     456        12        12  -0.074878
     456        13        13  0.276745
     456        14        14  0.919312
     457         1         1  -0.671432
     457         2         2  -0.558978
     457         3         3  0.849551
     457         4         4  -0.814511
     457         5         5  0.633640
     457         6         6  0.017492
     457         7         7  0.484863
     457         8         8  0.500379
     457         9         9  -1.910634
     457        10        10  1.564321
     457        11        11  -0.282532
     457        12        12  -2.300300
     457        13        13  0.183367
     457        14        14  -0.472761
     458         1         1  0.747200
     458         2         2  1.009601
     458         3         3  -1.172411
     458         4         4  -0.583238
     458         5         5  0.632691
     458         6         6  -1.139608
     458         7         7  -0.567111
     458         8         8  -1.172109
     458         9         9  0.146717
     458        10        10  1.195876
     458        11        11  2.411684
     458        12        12  -1.359762
     458        13        13  0.896354
     458        14        14  -0.191438
     459         1         1  1.251864
     459         2         2  2.142747
     459         3         3  0.524256
     459         4         4  -0.124675
     459         5         5  -1.290434
     459         6         6  -0.096192
     459         7         7  1.274572
     459         8         8  -1.479756
     459         9         9  0.137405
     459        10        10  -0.413901
     459        11        11  -1.223652
     459        12        12  1.558383
     459        13        13  -0.939305
     459        14        14  3.095194
     460         1         1  1.089134
     460         2         2  -0.134128
     460         3         3  -0.559288
     460         4         4  -1.398846
     460         5         5  0.426007
     460         6         6  1.128964
     460         7         7  -1.426977
     460         8         8  0.002136
     460         9         9  1.000159
     460        10        10  1.018020
     460        11        11  0.929157
     460        12        12  0.045140
     460        13        13  1.036905
     460        14        14  -0.539927
     461         1         1  0.238480
     461         2         2  0.713555
     461         3         3  -0.614625
     461         4         4  1.104378
     461         5         5  -0.673718
     461         6         6  0.462715
     461         7         7  -0.217629
     461         8         8  -0.605873
     461         9         9  2.423637
     461        10        10  -1.508745
     461        11        11  0.073665
     461        12        12  -0.108909
     461        13        13  0.363819
     461        14        14  0.104843
     462         1         1  -0.782461
     462         2         2  -0.953536
     462         3         3  1.841759
     462         4         4  -0.624622
     462         5         5  -2.180290
     462         6         6  -0.572462
     462         7         7  0.898440
     462         8         8  0.820892
     462         9         9  -0.033792
     462        10        10  0.558974
     462        11        11  0.120277
     462        12        12  -0.343592
     462        13        13  1.014313
     462        14        14  -0.932163
     463         1         1  -0.286529
     463         2         2  2.193347
     463         3         3  1.768447
     463         4         4  -0.244086
     463         5         5  1.131783
     463         6         6  -2.080428
     463         7         7  -0.132254
     463         8         8  -0.548155
     463         9         9  0.553912
     463        10        10  0.184949
     463        11        11  -0.624870
     463        12        12  -0.421484
     463        13        13  -2.327892
     463        14        14  1.422603
     464         1         1  -0.556256
     464         2         2  0.059785
     464         3         3  -0.109154
     464         4         4  -1.451304
     464         5         5  -0.536517
     464         6         6  -1.305550
     464         7         7  0.338577
     464         8         8  1.189939
     464         9         9  1.716011
     464        10        10  -0.589841
     464        11        11  0.347825
     464        12        12  -0.625462
     464        13        13  1.358051
     464        14        14  0.030693
     465         1         1  3.054011
     465         2         2  0.782348
     465         3         3  -0.655414
     465         4         4  0.741393
     465         5         5  0.306552
     465         6         6  -0.260995
     465         7         7  0.501721
     465         8         8  -0.779838
     465         9         9  -0.213174
     465        10        10  -0.146344
     465        11        11  1.115032
     465        12        12  -1.343711
     465        13        13  -1.345762
     465        14        14  -0.048697
     466         1         1  1.306761
     466         2         2  -1.079755
     466         3         3  0.405902
     466         4         4  0.698008
     466         5         5  -0.005331
     466         6         6  0.130159
     466         7         7  0.879027
     466         8         8  -0.019262
     466         9         9  1.042342
     466        10        10  0.251577
     466        11        11  -1.097121
     466        12        12  -0.379076
     466        13        13  -1.134059
     466        14        14  -0.189618
     467         1         1  1.603526
     467         2         2  -1.477819
     467         3         3  0.236838
     467         4         4  0.687441
     467         5         5  1.191077
     467         6         6  2.715259
     467         7         7  -0.066192
     467         8         8  0.910671
     467         9         9  0.557867
     467        10        10  0.229639
     467        11        11  -1.000394
     467        12        12  1.316573
     467        13        13  0.422948
     467        14        14  -0.253357
     468         1         1  -0.358176
     468         2         2  -0.741433
     468         3         3  -0.399461
     468         4         4  0.122566
     468         5         5  1.934470
     468         6         6  1.395265
     468         7         7  2.875379
     468         8         8  -1.342137
     468         9         9  -1.133482
     468        10        10  0.661107
     468        11        11  0.157934
     468        12        12  -0.740787
     468        13        13  0.501863
     468        14        14  0.733259
     469         1         1  0.704334
     469         2         2  1.171149
     469         3         3  0.864185
     469         4         4  1.262649
     469         5         5  1.272926
     469         6         6  -0.701669
     469         7         7  2.025141
     469         8         8  1.047270
     469         9         9  -0.621907
     469        10        10  -1.449728
     469        11        11  0.576130
     469        12        12  0.473819
     469        13        13  -0.222194
     469        14        14  0.654220
     470         1         1  0.980143
     470         2         2  -0.651676
     470         3         3  -0.959661
     470         4         4  -0.258744
     470         5         5  -0.987255
     470         6         6  0.957139
     470         7         7  -1.760348
     470         8         8  -0.375229
     470         9         9  -0.168010
     470        10        10  0.727349
     470        11        11  -0.886005
     470        12        12  -0.300445
     470        13        13  -0.364210
     470        14        14  -0.930263
     471         1         1  -0.121380
     471         2         2  0.983412
     471         3         3  -0.530038
     471         4         4  -0.234368
     471         5         5  -0.934731
     471         6         6  0.165603
     471         7         7  -1.210337
     471         8         8  0.431740
     471         9         9  2.207661
     471        10        10  -1.182338
     471        11        11  2.640427
     471        12        12  -0.256105
     471        13        13  -0.080975
     471        14        14  -0.766638
     472         1         1  0.028582
     472         2         2  0.697481
     472         3         3  0.317835
     472         4         4  -0.674859
     472         5         5  -0.799466
     472         6         6  -0.035933
     472         7         7  -0.168635
     472         8         8  -0.169168
     472         9         9  0.995515
     472        10        10  -1.500072
     472        11        11  1.003251
     472        12        12  -0.721714
     472        13        13  0.504930
     472        14        14  0.887177
     473         1         1  -0.434447
     473         2         2  -0.535015
     473         3         3  0.353737
     473         4         4  -0.752510
     473         5         5  -0.293695
     473         6         6  1.148463
     473         7         7  -1.972741
     473         8         8  -1.316498
     473         9         9  0.046875
     473        10        10  -0.048225
     473        11        11  -0.029848
     473        12        12  -0.055743
     473        13        13  -0.729220
     473        14        14  -1.756885
     474         1         1  0.671257
     474         2         2  0.415439
     474         3         3  -0.554738
     474         4         4  -0.534991
     474         5         5  -1.201770
     474         6         6  -0.439774
     474         7         7  0.296690
     474         8         8  -1.842941
     474         9         9  0.323189
     474        10        10  0.241364
     474        11        11  0.745875
     474        12        12  2.401126
     474        13        13  -0.357848
     474        14        14  -0.628741
     475         1         1  2.602642
     475         2         2  0.769154
     475         3         3  1.045832
     475         4         4  -2.408256
     475         5         5  1.810179
     475         6         6  1.374532
     475         7         7  0.488553
     475         8         8  -0.252822
     475         9         9  1.664203
     475        10        10  -0.462169
     475        11        11  1.001896
     475        12        12  1.434200
     475        13        13  -0.178461
     475        14        14  -1.904954
     476         1         1  0.557679
     476         2         2  0.725205
     476         3         3  -0.235864
     476         4         4  0.123975
     476         5         5  -0.909553
     476         6         6  0.213322
     476         7         7  -0.938010
     476         8         8  0.899188
     476         9         9  1.345979
     476        10        10  0.903380
     476        11        11  -0.724277
     476        12        12  0.775330
     476        13        13  -1.906332
     476        14        14  -0.590285
     477         1         1  -0.333179
     477         2         2  0.332779
     477         3         3  0.137664
     477         4         4  -1.652231
     477         5         5  -1.206805
     477         6         6  1.280410
     477         7         7  -0.624810
     477         8         8  0.004121
     477         9         9  -0.653125
     477        10        10  -0.383762
     477        11        11  -0.141107
     477        12        12  -1.376060
     477        13        13  -0.396931
     477        14        14  -0.284771
     478         1         1  1.133124
     478         2         2  1.308539
     478         3         3  0.541625
     478         4         4  1.949804
     478         5         5  -0.954719
     478         6         6  1.575894
     478         7         7  -3.135959
     478         8         8  0.537250
     478         9         9  0.840085
     478        10        10  0.291774
     478        11        11  0.313349
     478        12        12  0.169243
     478        13        13  0.401309
     478        14        14  -0.599069
     479         1         1  0.781802
     479         2         2  -1.104922
     479         3         3  -0.684197
     479         4         4  0.401969
     479         5         5  -2.053689
     479         6         6  -0.314274
     479         7         7  -0.134192
     479         8         8  -0.684352
     479         9         9  0.265228
     479        10        10  -0.528491
     479        11        11  1.486743
     479        12        12  1.086623
     479        13        13  0.291274
     479        14        14  -0.358783
     480         1         1  0.652124
     480         2         2  0.411206
     480         3         3  -0.040274
     480         4         4  -1.091709
     480         5         5  -0.057533
     480         6         6  0.071587
     480         7         7  0.125540
     480         8         8  0.881376
     480         9         9  0.993407
     480        10        10  -1.634071
     480        11        11  0.422394
     480        12        12  0.234266
     480        13        13  -0.167282
     480        14        14  -2.223619
     481         1         1  0.015406
     481         2         2  -0.923342
     481         3         3  -1.029041
     481         4         4  0.122041
     481         5         5  0.687835
     481         6         6  -0.049911
     481         7         7  0.191296
     481         8         8  0.170152
     481         9         9  -1.114746
     481        10        10  -1.195489
     481        11        11  -0.215005
     481        12        12  -0.403323
     481        13        13  -1.474426
     481        14        14  -0.397322
     482         1         1  -0.056285
     482         2         2  0.264988
     482         3         3  -0.300720
     482         4         4  -0.877780
     482         5         5  0.540926
     482         6         6  -0.650023
     482         7         7  0.532285
     482         8         8  0.441099
     482         9         9  -1.596316
     482        10        10  0.832032
     482        11        11  0.143530
     482        12        12  0.944615
     482        13        13  -0.320557
     482        14        14  0.714784
     483         1         1  -0.026634
     483         2         2  -2.190454
     483         3         3  -1.058401
     483         4         4  2.645736
     483         5         5  -0.746681
     483         6         6  -1.115798
     483         7         7  0.541028
     483         8         8  -1.096555
     483         9         9  0.493649
     483        10        10  -2.233741
     483        11        11  0.657627
     483        12        12  -0.924966
     483        13        13  0.293806
     483        14        14  -1.083428
     484         1         1  1.554944
     484         2         2  0.137365
     484         3         3  -1.232667
     484         4         4  1.424453
     484         5         5  0.142887
     484         6         6  0.321160
     484         7         7  -0.769523
     484         8         8  0.533838
     484         9         9  2.125215
     484        10        10  0.358528
     484        11        11  0.642458
     484        12        12  -0.561157
     484        13        13  -1.519554
     484        14        14  0.668077
     485         1         1  -0.973235
     485         2         2  -0.757266
     485         3         3  1.140106
     485         4         4  1.978107
     485         5         5  -0.286410
     485         6         6  -1.741101
     485         7         7  -2.606136
     485         8         8  -2.064887
     485         9         9  0.021517
     485        10        10  0.178026
     485        11        11  0.835014
     485        12        12  1.442715
     485        13        13  -0.369008
     485        14        14  -0.382540
     486         1         1  0.958302
     486         2         2  -0.330429
     486         3         3  -1.640239
     486         4         4  -0.316170
     486         5         5  -0.778448
     486         6         6  0.855367
     486         7         7  1.277781
     486         8         8  -0.734995
     486         9         9  1.322359
     486        10        10  0.037492
     486        11        11  0.062946
     486        12        12  -0.286378
     486        13        13  0.380802
     486        14        14  -0.816976
     487         1         1  0.383404
     487         2         2  0.716510
     487         3         3  1.306308
     487         4         4  1.156002
     487         5         5  2.645872
     487         6         6  1.487135
     487         7         7  -0.198415
     487         8         8  2.313258
     487         9         9  0.736206
     487        10        10  -0.523658
     487        11        11  0.139930
     487        12        12  0.317855
     487        13        13  2.292710
     487        14        14  -1.497079
     488         1         1  0.762287
     488         2         2  1.431548
     488         3         3  -0.622875
     488         4         4  -0.229103
     488         5         5  -0.003606
     488         6         6  -0.703513
     488         7         7  1.348120
     488         8         8  -0.231189
     488         9         9  -0.582010
     488        10        10  0.490635
     488        11        11  -1.006507
     488        12        12  -0.912010
     488        13        13  -0.131814
     488        14        14  -1.736327
     489         1         1  -0.610949
     489         2         2  -0.069140
     489         3         3  0.278772
     489         4         4  -0.575131
     489         5         5  -0.481081
     489         6         6  -1.360521
     489         7         7  1.298282
     489         8         8  0.634038
     489         9         9  -0.732242
     489        10        10  -0.993691
     489        11        11  0.522830
     489        12        12  -0.272508
     489        13        13  -0.234380
     489        14        14  -1.180633
     490         1         1  -0.177176
     490         2         2  -0.129280
     490         3         3  0.485102
     490         4         4  2.005029
     490         5         5  0.163508
     490         6         6  -0.112280
     490         7         7  1.795483
     490         8         8  -0.027929
     490         9         9  0.045410
     490        10        10  -0.853505
     490        11        11  -0.608853
     490        12        12  0.537193
     490        13        13  -1.111228
     490        14        14  1.373196
     491         1         1  -0.740370
     491         2         2  0.612620
     491         3         3  1.379411
     491         4         4  0.271290
     491         5         5  0.424544
     491         6         6  -0.092796
     491         7         7  1.378434
     491         8         8  -2.284686
     491         9         9  0.151194
     491        10        10  -0.243612
     491        11        11  0.442753
     491        12        12  1.325555
     491        13        13  0.493333
     491        14        14  0.696667
     492         1         1  0.102175
     492         2         2  0.617511
     492         3         3  -0.340579
     492         4         4  1.510699
     492         5         5  -0.033172
     492         6         6  1.079429
     492         7         7  -0.560213
     492         8         8  -0.210633
     492         9         9  1.417797
     492        10        10  0.567124
     492        11        11  -0.496503
     492        12        12  0.434736
     492        13        13  0.871182
     492        14        14  0.789402
     493         1         1  0.437373
     493         2         2  -0.942091
     493         3         3  -2.011541
     493         4         4  -0.544677
     493         5         5  -0.424309
     493         6         6  -1.141432
     493         7         7  -1.207902
     493         8         8  0.092448
     493         9         9  -0.570807
     493        10        10  -0.252820
     493        11        11  -0.700372
     493        12        12  0.908606
     493        13        13  -1.134147
     493        14        14  -1.355780
     494         1         1  -0.371431
     494         2         2  1.764839
     494         3         3  0.636111
     494         4         4  -0.019907
     494         5         5  -1.006532
     494         6         6  0.239429
     494         7         7  -0.547866
     494         8         8  -0.417528
     494         9         9  -0.274897
     494        10        10  0.433169
     494        11        11  -0.167648
     494        12        12  -0.511840
     494        13        13  -0.760093
     494        14        14  1.569548
     495         1         1  -2.798733
     495         2         2  -1.292818
     495         3         3  1.833764
     495         4         4  0.126141
     495         5         5  0.051299
     495         6         6  2.735571
     495         7         7  0.638179
     495         8         8  0.536650
     495         9         9  0.853769
     495        10        10  -0.758784
     495        11        11  0.812308
     495        12        12  1.326684
     495        13        13  2.433746
     495        14        14  0.989681
     496         1         1  -0.023113
     496         2         2  0.255708
     496         3         3  -2.648997
     496         4         4  -1.800367
     496         5         5  0.254801
     496         6         6  0.979038
     496         7         7  0.037423
     496         8         8  -0.113605
     496         9         9  0.546473
     496        10        10  0.136266
     496        11        11  0.431803
     496        12        12  -0.878945
     496        13        13  1.280251
     496        14        14  -1.423335
     497         1         1  0.110568
     497         2         2  -0.718338
     497         3         3  1.686762
     497         4         4  -0.474249
     497         5         5  0.045930
     497         6         6  -0.071421
     497         7         7  0.506105
     497         8         8  1.424285
     497         9         9  -0.547773
     497        10        10  -1.528322
     497        11        11  -0.460654
     497        12        12  -0.762646
     497        13        13  -0.941051
     497        14        14  -0.616738
     498         1         1  -1.647339
     498         2         2  0.267028
     498         3         3  -0.172429
     498         4         4  -0.344072
     498         5         5  -0.370292
     498         6         6  -0.898447
     498         7         7  0.461705
     498         8         8  1.705063
     498         9         9  0.570006
     498        10        10  -0.068740
     498        11        11  -0.089661
     498        12        12  0.301173
     498        13        13  0.480162
     498        14        14  0.954164
     499         1         1  -1.806499
     499         2         2  1.063630
     499         3         3  0.723088
     499         4         4  0.250650
     499         5         5  1.938870
     499         6         6  1.314716
     499         7         7  0.538983
     499         8         8  -0.077994
     499         9         9  -0.826919
     499        10        10  -0.814143
     499        11        11  -0.347158
     499        12        12  -0.118029
     499        13        13  0.001375
     499        14        14  0.144388
